-1.0113459999999999,-14.23534,2.9198,-16.520425997237613,-2.62002729324054,1185.7536326628942,366.48905544220884,307.6028763852961,427.45354750013496,489.42951694148405
-1.2969236,-12.975144,2.92893,-15.74451040929813,-2.5647584174665936,1139.9876339569607,382.27236406054124,317.37315086040763,441.56953779345736,508.0519893793755
-1.2943364,-12.910351999999998,2.93668,-15.33891482536482,-2.543873650662172,1116.9266854410946,388.8945964306996,324.016211182724,449.6217277869265,517.6092964276852
-1.1756107999999998,-12.860176000000001,2.93301,-15.01472520162555,-2.523036845796503,1101.870687046542,393.9980265053774,329.11199650728247,455.40633865012364,525.9053757370167
-0.9432303999999999,-12.787852,2.8876,-14.53019330540459,-2.549278684185206,1081.5833518982713,402.6548345471668,337.74656420805627,469.21684557624974,535.2060881649826
-0.4407606,-12.708556,2.83404,-13.536379198529382,-2.59505188002531,1062.0100164212301,420.70235196783165,358.77731385751275,490.7986038803426,556.2985233544316
0.4734296,-12.632003999999998,2.71453,-12.768838396813457,-2.6344985775889143,1050.8487252629743,434.9043732913554,374.96502888494143,507.59877952918464,572.1028101636061
1.0380804,-12.570459999999999,2.61243,-11.483449217544072,-2.7205926838027064,1039.098783839481,460.45161315144895,401.47014931396023,536.1604002476583,597.6700652505574
-5.516686,-12.241753999999998,3.36577,-12.84225129674898,-2.553605463928745,945.4952821589651,432.5898830688297,353.50870562150027,508.3575012656496,583.3811367223284
-6.409451999999999,-12.172705999999998,3.48466,-13.35260430312894,-2.4394863437110215,937.2310730979705,424.2001668298141,336.06499310114856,493.07250626660806,576.1089774061319
-7.051562,-12.071737999999998,3.5546,-13.571919236498024,-2.379135119531482,930.416235509183,418.85803024620077,329.7485363714208,486.3082478553265,572.8464379087823
-7.172508,-11.946437999999999,3.57634,-13.629889472821672,-2.304815590348866,926.0318517274396,415.83003081323136,326.7164222310426,482.8012206633092,572.3454215494792
-6.884808,-11.835417999999999,3.53441,-13.275868595879274,-2.2637995992667546,914.2399847593063,420.9198289186387,331.80830725102135,489.57590455314767,580.1190136654599
-5.99837,-11.743382,3.43861,-12.824031312663829,-2.2699331742946076,903.237887040221,429.5515359259338,338.4053034236255,500.1062652624335,590.1448754204217
-5.3344059999999995,-11.665332,3.37494,-11.610484619481866,-2.41731272530764,882.5449785176236,453.08095861881566,366.9772762141754,528.4147571854842,614.9472878467238
6.447938,-9.303965999999999,1.85,1.8542334589845215,-2.3853482994222044,835.3597707364538,710.7675785800968,609.7461893656715,777.8019425381067,873.9118524439567
8.579704,-8.433824,1.6302,3.946759493551588,-2.0350907774339415,832.0910283636663,739.7698906953283,640.7496732344288,809.8796676857166,911.5336812280842
9.386356,-7.965818,1.49638,5.408337886686432,-1.5563207320934316,834.2746880219776,763.772528928103,654.7496148248675,822.9421429294489,934.1545503469885
10.262713999999999,-7.030491999999999,1.43255,6.303797696417191,-1.2053881107209201,838.6327632970701,775.0252813419295,665.0000473622081,832.2484286042165,944.4807215484069
10.430532,-6.166146,1.46891,7.2032286139675525,-0.4082438237296113,843.2942606539729,775.5230790455842,669.5010019882712,834.8149016296684,945.5305112344292
10.27565,-5.244511999999999,1.50839,7.6285968095314285,0.49061277129483066,849.7994352367555,768.5191291000592,660.4988261368387,824.8308561143364,937.0322064801278
9.947756,-4.3058819999999995,1.57409,7.582214983859125,1.2068791675056008,851.5932754632272,756.5141709305362,644.4928255465802,809.5574639019455,923.7409994079749
9.509304,-3.389288,1.64334,7.389835936677756,2.1860458571301353,849.4956323754305,733.5075372979766,623.4811696632328,788.2707134543033,901.9233066335406
8.980608,-2.518432,1.70645,7.024391327995608,3.177364091157013,850.3839927019477,709.7538875802906,596.7112426225535,762.466163974646,877.1015159501258
8.369284,-1.718416,1.73641,6.7050570598386035,3.7699325352595343,844.3981433690403,691.7520178839261,578.693935248195,746.4315425259082,861.0569275714363
7.904175999999999,-1.2113976,1.75788,6.145119679117726,4.536324829849607,843.2169228221607,663.9999700069344,555.916084611554,723.8809392801193,834.9867499693712
7.201053999999999,-0.8227926,1.80337,5.837839228870003,4.730899511454148,844.4825553393738,653.4992976246884,547.4056998090084,715.1084926518114,825.2089160463267
6.432664,-0.45444139999999994,1.91172,5.369754298248914,5.019239396998448,840.7285592575704,639.4982656777302,531.3876451713005,703.0804342232173,810.6722101111836
5.93467,-0.3966998,1.96757,4.451382478802229,5.206390195065409,850.7895626278497,618.4967642778535,512.365253801737,681.2808298170737,789.8690272896122
5.779185999999999,-0.426174,1.96712,4.250048498828309,5.186195525032309,850.0644094548956,611.7461449942216,510.61285800423303,681.2803830412399,784.8544952558921
5.844328,-0.5125274,1.99255,4.196215026467832,5.125763215333741,854.1892094829805,613.4964776436874,509.36228470876324,679.5263638606643,786.6054920678396
6.0342519999999995,-0.5741162,2.02213,4.8401734956925395,4.891275417097133,854.6271563270251,629.4979728147,525.3819000437215,696.5596317062735,803.1385806807272
6.289891999999999,-0.6387079999999999,2.02995,5.09477748060514,4.817545167976178,852.581624373022,636.7483339324937,529.6378210100913,702.3218000493166,810.4068698647973
6.5343599999999995,-0.6945638,2.04665,5.536578175646867,4.649982871596535,855.7308270185408,647.4989825942413,541.3987704189395,714.600192071648,821.1823525434618
6.643196,-0.7295483999999999,2.06433,5.8174237549092584,4.569603040907944,861.6611016705938,654.4993652704705,548.4038507022232,721.6187689865271,827.1974279734486
6.384195999999999,-0.7161881999999999,2.14182,5.8307201058806575,4.5426859799925925,865.2072820071733,656.249460247114,549.1562333584695,721.8683023977829,827.4489746263753
5.893202,-0.638547,2.23721,5.496349524767888,4.663317123991397,860.1701200560456,646.9989138093854,540.8988963796863,712.5943140435877,820.180847232788
5.166434,-0.5556726,2.39491,4.994174606285951,4.790511176060773,851.9993140738844,634.4981473927633,528.3887260835263,701.0667792475888,809.6546152161868
3.926062,-0.43707719999999994,2.58324,4.229629033401361,4.971333766911372,847.7218697058511,616.7467760645574,509.61855446032325,685.7859767531031,790.8614622160374
2.097312,-0.306544,2.82742,2.7773981489450064,5.272403022105301,841.9467441093329,584.4908143455189,476.32449247122827,651.9827174504503,759.5609373171117
1.0067792,-0.24224899999999996,2.95564,1.1534858395901912,5.573578884320355,839.4862937921013,544.9714573450386,442.75529524727034,618.6959649037794,722.7729064911127
-0.13953323999999998,-0.20821499999999998,3.02164,0.22267199166204948,5.720823184915073,851.5725330592986,524.9534715866594,424.70819885776655,597.4271491702415,702.0104880861802
-0.7154531999999999,-0.234311,3.0242,-0.7959430867476925,5.8079447917122025,864.135868828594,504.9276160033803,404.64583611757786,577.9139190650403,679.502684246442
-0.735077,-0.3071292,2.97817,-1.0927016281293749,5.754513024875566,874.3389685870346,502.9237995038289,398.62512109404986,571.9114171192689,675.5016232117238
-0.5189464,-0.3747758,2.89099,-0.40472449651138875,5.47306169406899,867.4118503173385,521.1980834083445,415.94034019791184,589.1788669790025,694.7559949129908
-0.01088241,-0.4539738,2.83279,0.03376403428504283,5.3457231583859866,865.7441257995298,531.4588373836202,427.22445959720324,598.9363470162627,705.5095965380831
0.4867506,-0.565124,2.78357,0.5869010480893997,5.204932129159715,863.0265620618623,542.7189878541298,441.51318346622907,612.1970178558234,718.2653306732353
1.1872084,-0.6266959999999999,2.73623,1.1938293820611814,5.037319967256802,865.7767602940529,559.2304770718836,454.04435909506515,628.2112623987127,730.7727183395298
1.7981599999999998,-0.6087578,2.71426,2.3192668987359526,4.863067246229926,870.7782719833156,584.9916291494991,478.838630256516,648.2305447768938,756.7969567968607
2.077838,-0.5356512,2.72011,2.6896299126921006,4.86990663679976,879.4056134193108,593.2437893409508,486.0972444141195,654.4872842173301,762.0543615068755
2.0927339999999997,-0.40502419999999995,2.78675,2.9252830937281096,4.9304242949326476,883.9210084647118,593.7438419752883,492.6014446496622,659.2429580442308,763.3069937115489
1.3951951999999999,-0.10224059999999999,2.99917,3.032970315766826,5.0109807431994815,884.4972610606159,595.2440166690686,492.0981483439201,659.4931186656124,764.0598044115127
0.21939259999999997,0.09784613999999998,3.15764,2.7368768857894743,5.232135024958853,876.4187042850172,589.4923584391671,479.3293725226873,646.9763001009876,756.5553113713543
-0.9028502,0.3483172,3.38903,2.009562139861261,5.439685956513439,855.1799392272883,568.985295916574,460.7966828864992,632.9598875156001,740.0388227201015
-2.969526,0.5699904,3.61599,0.8499726478785032,5.720772541101518,850.0113600752208,541.2186619616637,433.98531815332785,607.1838337631356,713.2683075009834
-4.498241999999999,0.7579011999999999,3.79841,-1.7133147701225953,6.3230514725561715,849.947622883195,480.8889068342804,374.5221372274467,549.8839979071886,654.9982870136831
-5.332628,0.8751245999999999,3.84793,-2.939666446796767,6.610885333811308,852.9034402719825,452.3215061274959,345.87074062745717,521.8556013840263,627.4946833912716
-5.953346,1.0034038,3.82166,-3.9286209075840994,6.818591802629421,859.0848159636147,428.9965841189002,323.4733811716452,500.079550640814,605.7421798743464
-6.016051999999999,0.996534,3.72273,-4.754550467076683,6.986270281628417,879.0337753568707,409.41706352913627,305.8357167985661,483.05443710451584,585.7390606823894
-5.674409999999999,0.937237,3.5812,-4.365349923824289,6.912526478929338,864.8815304707166,416.4491112108871,312.89182877650853,494.07243104523513,595.2411332480133
-5.076595999999999,0.8575784,3.44972,-3.3434120388004356,6.658006162506103,870.0557942286166,439.7834710248202,339.3238410726181,516.3524317020067,618.4948284189006
-4.255552,0.8149652,3.38267,-2.650039910061323,6.503973575148673,857.9639551429071,452.5726728779805,355.1666170135576,535.624247333826,633.7463719331947
-3.312512,0.86205,3.30096,-1.436842292603072,6.376522841271064,859.8357917879122,477.132581765012,381.79033703488653,560.3924093672215,657.4988874324058
-2.419774,1.0372166,3.26741,-0.25643238820428815,6.37626835020618,860.7324638613821,501.6762260560773,402.3635653015105,579.9033050466891,680.5040667721473
-1.9300119999999998,1.2493796,3.26493,0.41149400301691336,6.443059381985329,862.8547814521124,514.1925785795531,412.8921491858526,590.1571913979728,691.7587472832678
-1.7620819999999997,1.50682,3.35319,0.9579831866056032,6.563311420625217,868.9003287263662,521.7004243865724,422.4118940665339,598.9100378617807,697.5124439249313
-2.13304,1.8999399999999997,3.52092,1.403167667890501,6.710230625321961,866.8413875750131,527.7055700465804,428.42074274479955,602.908678781555,703.5177161944036
-3.428082,2.3468899999999997,3.72553,1.6460196108583383,7.02381900031304,871.9801323258727,530.4568659063543,426.149816712085,598.392691744045,702.0196018780667
-4.139226,2.714558,3.90543,0.762504922443404,7.5895879386770195,845.6260316683936,502.6757448716597,397.2983118069078,571.0962337281835,677.7568377770698
-5.741288,3.2106339999999998,4.08849,-0.4320935925668544,8.07474257615409,835.2783458108959,471.8757625014778,363.3940861447881,540.296363199502,647.9925701110697
-7.48818,3.6715699999999996,4.35862,-2.6450465689528313,8.857748407734144,828.2958011985891,413.71690971915416,307.03243414434337,486.6988356902811,592.4705530389776
-9.252614,4.039196,4.51733,-4.126455342984769,9.288984120064786,830.4060846663298,377.56016888464103,270.70925972492347,451.11696539734703,557.4540172450145
-10.814174,4.230155999999999,4.6026,-5.509794848919904,9.66071086172756,835.213509121838,344.3642198587828,237.33333938164373,418.5237490396672,524.9306029660061
-11.728822,4.380935999999999,4.63425,-7.355185630651881,10.10638568319417,843.6242181095488,301.26440703143817,192.9388820290761,375.6116842553795,482.6303184828442
-12.672785999999999,4.40083,4.60924,-8.884228719552553,10.427228066980874,849.0555594184606,262.8399387236051,156.2544577419529,344.4582694514344,448.5665683478417
-12.857488,4.305476,4.55336,-9.605874107576373,10.77176039630072,865.4635022524678,238.00801342025824,139.38097802886188,326.5865168911939,426.7584897317756
-12.671652,4.213299999999999,4.47958,-9.37489240630701,10.73820250068942,855.3714333950732,244.1001328206719,141.4271799752738,332.12418978693916,433.2769900807123
-12.309626,4.188491999999999,4.45524,-8.506353242161579,10.485221416597186,858.8240182395816,265.3799726197444,164.91900382018017,352.4947523596759,453.57910628671067
-11.843691999999999,4.255692,4.47412,-7.80852976638582,10.3843157193171,858.9355087719674,280.56269457224187,180.2016416121283,369.07682871517386,467.1064203227331
-11.381678,4.376581999999999,4.51297,-7.089008406458687,10.342817076650563,859.0742998130086,294.9674187388184,195.7081034556696,381.8732661231313,481.8808540125795
-11.107781999999998,4.497738,4.55103,-6.681822551159417,10.328646540930832,862.0809754613402,303.8034708691987,203.5757227406733,389.64992764029387,489.1408841631425
-10.875746,4.706506,4.62318,-6.374329547390594,10.314713064910098,864.2591532153994,309.3543741244881,211.18572011332253,395.16442473845643,494.64807958793347
-10.82753,4.816966,4.6571,-6.0264463777355575,10.300755258945333,866.7856615369856,317.1724985863267,218.0299776198022,401.43251643168463,500.9050230217314
-10.93358,4.938262,4.70717,-5.939289841021327,10.261064455803782,868.2510098048941,319.44023055757066,221.32668533825014,403.6911812547578,502.657337009486
-11.161976,5.010529999999999,4.76322,-5.945974161752873,10.247931016892704,867.199234692749,320.1958391632409,221.07531124720268,403.18980653064307,503.1578475514559
-11.794692,5.073908,4.80056,-6.113320205504586,10.235199371790195,863.8457899182745,318.17809337784496,217.02392247564038,399.4280627451663,501.40628608989084
-12.274108,5.065969999999999,4.82423,-6.7885331573818615,10.302488340212385,859.560403108809,302.5388202216044,203.32935483384603,387.13712912757114,487.1378277076917
-12.912116,5.011958,4.84233,-7.282225917520757,10.336683563674644,860.8325069694622,292.43689276872715,193.17058600201165,377.8533737081266,476.8727774332558
-13.233331999999999,4.908329999999999,4.79393,-7.741770022934444,10.370830681681989,862.3629623998492,283.33816626766827,184.01985974516185,367.05958498447194,468.60865637068116
-13.228432,4.780804,4.65525,-8.060737857641852,10.325826764439082,869.025644185805,280.04621424871686,177.6607729238547,361.5396829588142,463.09982132735144
-12.812645999999999,4.65297,4.50713,-7.807728900770921,10.147360213313425,859.7865882610927,286.1101544866034,185.80976280182813,371.6001727845123,471.61723408037824
-12.095509999999999,4.5253879999999995,4.3337,-6.780615434801742,9.755885696292074,857.1097117689508,313.6227740383183,212.49109627498305,398.7246675348481,497.65887555451525
-11.109195999999999,4.39677,4.16386,-5.991553508819265,9.496923216909593,849.0355781708018,335.79913587181807,230.74816051797808,415.53862117369016,519.4333316231769
-9.59217,4.22331,3.97245,-4.52922456625538,9.031885814683346,843.5536631179929,370.77083211339,268.9440401250349,451.89752940289804,554.7102622719419
-8.630341999999999,4.095238,3.87701,-2.9344286418935845,8.553475799453267,844.1963493534497,407.94373492031843,310.30843336798773,491.2336206630845,591.9771569925083
-7.402359999999999,4.030194,3.76728,-1.9367668538406302,8.287597299255449,848.7336915805038,434.53497987760295,332.96807262214094,513.020315585212,615.2339139386105
-6.6261019999999995,4.01051,3.68553,-0.6143178023204998,8.014982095826714,853.1021873241816,465.1120166218183,363.63854929250954,541.5584158438232,644.2422390969787
-5.846189999999999,4.079376,3.65337,0.14844932715795223,7.921975064562433,858.0208943107789,478.8884104733018,382.4666006912502,559.5765507121706,657.2469705872395
-5.451222,4.199454,3.66239,1.1268574700746006,7.789160730118463,861.7387083132331,503.17443865405085,401.7886620657182,576.5965155798314,679.2578972120829
-5.398638,4.288284,3.68734,1.545080139200473,7.736122251311853,870.1996246537149,513.4362903811352,411.0670990558941,583.853944322551,687.5132036794888
-5.500544,4.369777999999999,3.70776,1.6597561358654473,7.709620944606838,875.8758148834006,517.1904766195354,413.8251679965523,586.6064030890608,688.7639055241757
-5.7400839999999995,4.413374,3.718,1.3764742056166999,7.835752557977467,872.6020920004818,509.9320175606485,405.54675289026216,578.3439140829025,682.0099266631466
-6.070288,4.437944,3.70756,1.1336286844877808,7.862258658761215,874.9894366481296,504.6760602237617,401.2827621530291,573.0874602537838,676.7565878887491
-6.451648,4.439778,3.69118,0.742347228343923,7.9219546869463455,871.9806635278521,493.4112313840195,395.0111168814925,566.3291289490337,667.5015003466638
-6.727069999999999,4.421452,3.65602,0.45212068259582594,7.941890596039741,871.0748634432579,490.1567593133963,386.73144482748796,559.571593277771,662.7492053655318
-7.147042,4.36037,3.64594,0.12819446606598092,7.822307871145687,873.6560631396181,485.9009876348779,383.47706944244396,556.3242987874555,658.4975396883303
-7.511559999999999,4.280107999999999,3.66408,-0.2430305742796288,7.9086764654721,868.9068265239669,476.8853782442774,374.439359394971,547.56353588717,651.2447746707729
-7.646603999999999,4.172098,3.62883,-0.6546032936219636,7.782514492993408,873.8640044032967,470.12294896474117,370.68105993197014,544.3166546968238,643.9932429334297
-7.60802,4.084458,3.6195,-0.816549964869883,7.795819590380871,876.2021218257413,466.36523623123657,367.9181196591891,541.5650294283557,640.242306077182
-7.389858,3.9325439999999996,3.63196,-0.5939018421376604,7.569748232792522,870.5564720192187,476.38529951336983,373.9543775463466,548.33120458698,650.9956769255664
-7.123479999999999,3.814678,3.63078,-0.12150201653625484,7.323391175518754,873.020129179844,489.6583819835472,388.27321625096107,561.6025404723093,663.7497643438364
-6.701716,3.697694,3.62065,0.3710695630392987,7.076948999371434,871.342931584227,504.93057321558774,400.57568277102524,574.6214885972084,678.2550696025403
-6.449757999999999,3.5942199999999995,3.61614,0.7151730495391684,6.896925393672717,872.3629660089921,513.1907863448826,411.8689942767611,585.136836241049,687.2587998008681
-6.201594,3.5364279999999995,3.61865,1.1131364030459345,6.676821285232103,876.72397854648,525.4538476681862,423.15905913350326,596.6530145709432,698.2637676028668
-6.209308,3.4692559999999997,3.66248,1.2547622738334534,6.556695273906875,880.6598877950739,530.2085128364663,428.92731003743813,601.6606715640036,702.265485514934
-6.6037159999999995,3.428922,3.74361,1.2210439234205959,6.523266241656907,878.9576746385623,529.2077006883392,429.9328935288315,601.6617093282548,702.2653854402677
-7.4017859999999995,3.3615399999999998,3.88288,1.0524038435964735,6.4497832571316405,874.7553506443347,528.207038750015,426.92984701010823,599.4115106849027,701.5144153556428
-8.19399,3.3072619999999997,4.04926,0.26313789750660466,6.443004381582889,857.9669889163454,509.6871485334263,412.39559068104177,589.1560925821584,686.7568947130155
-9.74841,3.1730159999999996,4.22934,-1.113155796773057,6.523302548573817,853.0701367101385,481.3924314249054,385.053399246627,563.3879928444273,659.9990941211238
-10.706261999999999,3.066378,4.3994,-2.1515493845442744,6.543696628987878,850.5029973369997,464.1042247898123,362.7086607578127,541.8748266193103,642.4965366027615
-11.662139999999999,2.89212,4.45184,-3.713383227927184,6.618164172750279,855.0469593486015,434.51482771184817,331.02847193780644,511.8508903857329,611.9938297477106
-12.090078,2.5892999999999997,4.38997,-4.727235579110139,6.525562287111854,871.885078856415,414.9302416159494,317.4343502729246,495.0880598759078,593.2422616530113
-11.754358,2.192204,4.23336,-4.928124881635878,6.238379507788165,875.1648535005716,415.67516438532675,319.2008322922163,497.1024102453844,595.2436165914052
-11.091794,1.8111659999999998,4.09828,-4.028359639924983,5.575016922442534,867.4263477704884,446.0301681040778,346.6405935517093,526.6482165553184,624.7481836965807
-10.178965999999999,1.3869869999999997,3.92365,-3.026195004667268,4.924011617058801,859.4918498018916,477.3604840372643,377.05825030591285,556.4315142550865,656.4997397041516
-9.083242,1.0590468,3.77155,-2.211318105382987,4.460377517339915,859.2142389733771,500.6557199295582,401.41501142502193,581.2005986973904,679.250653574889
-8.217132,0.6755266,3.6398,-0.9507995615842065,3.868503595727499,860.6343441370666,536.454351838071,436.28135150742474,613.4701987652827,714.0052996144968
-7.092512,0.477694,3.55839,-0.14153926233390873,3.579093722655982,859.8963687043563,556.9728860508147,456.8323909325354,633.4809892258927,734.5120656437065
-6.076546,0.362922,3.46529,1.0655691469481439,3.330028800679951,862.7132064008933,581.988131676135,485.8842692079076,662.7487413181857,759.2767904044404
-5.465418,0.410228,3.45482,1.7598225752312295,3.2896933654814653,867.1512546571529,596.4936435883615,500.40220718907113,674.7586925957484,772.790016663612
-5.352367999999999,0.5500151999999999,3.52678,2.581514138582702,3.235942962464808,870.8487319807921,616.2479265849017,515.1672783870395,687.77254604327,790.3133069278383
-5.559596,0.6829466,3.6014,2.998764080348798,3.2023706721179748,878.0190715216318,625.7489697448087,524.6752729862828,695.2822862637172,797.3248565526176
-6.008856,0.7941429999999999,3.65532,2.8911326470981167,3.2831410828804866,874.643351576482,621.2485715104956,522.1726806396465,691.5279295316025,794.0717571709263
-6.773998,0.9056893999999999,3.74185,2.143841329348814,3.4580329812978587,870.8173515739722,605.4962432805195,503.40448076740984,674.0087641634568,777.5504232223102
-7.34293,0.9453527999999999,3.79517,1.2139188589330503,3.5992936671354547,867.842025797071,583.7394520120234,484.6293060963011,655.7429860801562,756.7787970881765
-8.201214,0.9419703999999999,3.84492,0.5531403437818435,3.639663880896893,866.4952981922019,571.2330110300154,470.1067316717541,643.7348601752333,743.7685059909336
-9.36376,0.8207667999999999,3.90487,-0.4921730358489704,3.6531167842090335,865.8126817955841,549.7158145511905,452.5740500298,623.7252296744191,724.2583479903373
-10.291511999999999,0.6637344,3.9751,-1.5372065660674947,3.6128909364240838,864.8277708823646,530.6918850420234,433.5283539587941,605.7197109003607,705.7528021263824
-11.212039999999998,0.4953144,4.05501,-2.237934566239521,3.5794179083122204,863.6002790082237,518.4211586248834,420.2389960642024,594.2168322112869,693.2509599726519
-12.00864,0.37412480000000004,4.18267,-3.2811666167045863,3.613382429615297,865.539335054245,496.625124884921,401.4209485379822,575.4614108477094,672.5000360448685
-12.32217,0.30556679999999997,4.1998,-4.20848006073573,3.7349456543882087,870.7302293251595,478.075893663534,380.8297131821384,554.7024700881622,654.2499825601647
-12.072886,0.26862499999999995,4.14636,-4.604347808992752,3.74864003087376,877.9264187372477,471.55460339101205,372.2862624941058,546.9488311057497,646.4998759405877
-11.634013999999999,0.278873,4.1082,-4.497099916271031,3.795705218097636,871.2403733022587,469.0499950607886,373.7951507320372,551.9515384487045,646.9998872391212
-11.059636,0.3286038,4.02131,-3.7652616430252945,3.6540076094894354,858.0324578530299,483.8454255453365,389.62096524754304,569.2111506697217,664.2499999132746
-10.157699999999998,0.4194064,3.92856,-3.039021884314437,3.579680369785966,865.395892408195,499.13243173843034,405.938411589227,584.2160731558783,677.2500795545136
-8.99899,0.5438845999999999,3.7614,-1.611326355500177,3.384097034506079,863.9907417220579,531.6910465170045,434.5319646714244,611.725100521888,709.2526080089442
-8.41386,0.6111,3.71134,-1.004604272912344,3.3368445627779297,868.0745190325965,541.9543581038383,449.8203883678687,623.4787735323299,720.505024290625
-7.861937999999999,0.6967911999999999,3.6799,-0.25611649687237253,3.269434601807771,872.8830153925168,559.2219303105053,464.1005870735651,637.7346527328906,735.2602681701228
-7.663753999999999,0.7750609999999999,3.70256,0.05409458171407438,3.229024120286832,878.8798161196755,568.7288955445255,469.61098610874416,641.7363571326919,742.2635661953009
-7.802536,0.8670325999999999,3.76116,0.26316853740116536,3.2694238089097505,881.4848974897444,571.2308819215855,474.11803174310927,645.7380495614934,743.7647851020636
-8.171477999999999,0.9877727999999999,3.82588,0.08782763627696902,3.3704203088467524,876.4499436492147,565.7277785985798,468.60782974247127,640.9851303056155,739.0129351324583
-8.658748,1.1154359999999999,3.87398,-0.28985183435248907,3.505072171471079,875.8230424543503,557.2218510214577,458.08633152138555,630.2292627343763,730.7597116770181
-9.172674,1.1949336,3.91955,-0.8967633254482721,3.6801243211099335,876.950307871379,542.7084527185482,443.55191394942517,616.7223019864696,715.2549499158106
-9.702994,1.2480706,3.9372,-1.2608479556173753,3.76762040449653,875.897835271939,533.1979584805446,436.03239771076494,607.9685066245454,707.5033371839568
-10.012464,1.2316135999999998,3.97214,-1.8202419967090113,3.6533505419433236,870.1833735125078,523.1812038179853,428.01166267017595,602.2185125189919,698.2515299025727
-10.593492,1.1448331999999999,4.00533,-2.4871630708864183,3.821746769451829,866.6853574001947,507.90594515044836,411.7085377215087,585.9611079513676,684.0004492828689
-10.930541999999999,0.9978248,3.96993,-2.978452533632868,3.7277028909117047,876.3551852933294,501.3888315115569,405.1852860400959,577.459670638114,676.0000967151881
-10.942791999999999,0.832965,3.93354,-3.429007653205379,3.599974299544422,883.0703088588039,494.36970749117245,400.1659209781475,572.4609227674348,669.0000051426832
-10.801014,0.6918086,3.91009,-3.2272591652944933,3.4518480483736385,880.8507138164464,503.1366956350707,403.9308633357159,578.4648984993032,676.5000444142828
-10.499621999999999,0.5936882,3.86762,-2.803338634782198,3.283335783920371,880.3226205927467,512.9047930573677,416.72799608399066,588.9700499417049,687.5002791632319
-10.119228,0.5493894,3.83599,-2.493682655856217,3.209180721253203,878.0934695141763,519.1652698821864,424.0021014999031,598.2232704258754,693.2505305964366
-9.710833999999998,0.5714001999999999,3.81882,-1.9750796106664263,3.175374305827552,879.0369225467988,529.6837391386392,434.5337518244967,607.725839280629,703.751454703934
-9.367778,0.7175826,3.81228,-1.665145507269901,3.208994131962586,880.7012379186331,536.1942157847216,439.0457969350034,610.4757957954788,710.5024752764357
-9.217656,0.867846,3.82403,-1.3753426327372593,3.2762895854495997,882.6700166705901,539.9500651838227,443.8070501647012,615.9767264321555,713.0031229972229
-9.464728,1.0024111999999998,3.93586,-1.3349048351201753,3.316687394070448,882.3598064441644,539.1998462647762,444.0571100850552,616.7266680621536,712.7531352691778
-10.147592,1.1181632,4.08444,-1.5843104792831455,3.4042562298331296,879.0387683769432,532.6918912323769,437.5398706379317,611.4744338322278,706.0021601888823
-11.166889999999999,1.1829285999999999,4.21073,-2.1166733515530556,3.4986193767030302,865.7110525896954,519.6734287342148,424.50242064334026,599.4703949616749,697.5011800972184
-12.07591,1.2307595999999998,4.40036,-3.4359501029658563,3.7413510062005324,857.6155867505823,489.86396549944834,393.63878663815035,572.9606570155624,668.5000149424287
-13.381815999999999,1.2132665999999999,4.58823,-4.456993966953937,3.869701033656951,855.853412174856,470.05709062433516,370.77851144896545,549.1991905141938,649.2499425702017
-14.4298,1.1640118,4.6676,-5.983926948704743,4.079228251183756,856.5932413157421,434.16623747577194,339.8376044617182,520.1789936318173,615.2474656833988
-14.96754,1.0144932,4.64258,-7.124342178776605,4.154244833926301,873.4022595516606,413.0487361796511,316.65679067546273,496.4044015248563,591.9905924344268
-14.924559999999998,0.7986943999999999,4.54748,-7.476740572166,4.107449073280349,882.1726862929913,405.4954666574778,313.1256507357639,491.1486045462268,585.2366591816235
-14.49462,0.6114934,4.39972,-7.037488649702673,3.810953365000401,872.8012669243674,420.3213748473206,324.96688395252806,504.1681760236262,600.7423978332972
-14.01456,0.4577901999999999,4.23763,-6.323885949748774,3.433281067835779,873.8332583242559,441.66787441851045,345.36212200254045,524.1913508293806,620.7468824288424
-13.210638,0.22951739999999998,4.0984,-5.3879438634314285,3.0216878283326767,868.1981675580192,466.5084655198448,371.26899874951516,549.4619334624446,645.4994393541549
-12.301967999999999,0.06004697999999999,4.01103,-4.731357062042542,2.7585104381830132,866.955226858337,484.3128136373471,388.1044781787803,565.9712624357118,662.9999778623499
-11.615044,-0.12291047999999999,3.92036,-3.744591767224149,2.4412263551620046,868.8379533784466,508.3714666277199,414.21537422451064,589.2301826094147,686.7503045490512
-10.906098,-0.20023919999999998,3.88918,-3.186596825276172,2.3331637644947985,873.1954631920238,520.6478347674247,427.51218539307706,602.7335883989333,697.2506541104532
-10.728606,-0.18063079999999998,3.94861,-2.5607848465651157,2.2790661086892476,880.62112713238,535.6748677926032,440.5520809388314,613.4853422243717,709.0014522966017
-11.18173,-0.06838048,4.11318,-2.190447476309762,2.2317915230290932,879.5875524317679,544.6890639373814,447.571077687334,619.9866497136029,717.502489262801
-11.867338,0.035605639999999994,4.26076,-2.04900154223298,2.225025029119489,881.7285516101845,550.6962007299428,449.57622582941576,619.4860696337737,721.0030945430128
-12.731488,0.1468138,4.47297,-2.6214562453342096,2.312810020367636,860.7527425242936,535.9253159076322,435.78757211961715,610.4842970832328,709.5015265328088
-14.699299999999997,0.2113804,4.71012,-4.194707350009591,2.623427805728092,852.2045663807431,499.85366336331697,399.6533388868362,576.2250121195034,675.750061554402
-16.101399999999998,0.192262,4.88048,-5.936404692767759,2.887160772057069,850.755046599788,462.48094966667014,361.1959224238897,537.7063660068274,640.2491398612685
-17.430419999999998,0.12812968,4.95182,-7.595742566470994,3.043309345500076,856.295837719139,427.55331765855146,327.1898141480007,504.676508031867,605.7419238792014
-18.57058,-0.045091759999999995,5.0088,-9.178623327202875,3.1930400016915867,857.8395053593151,391.2926253603507,294.8712337727069,476.1341391656823,571.7206132645937
-19.4705,-0.2350852,4.9974,-10.559865514168308,3.289038919638984,864.4064324389391,363.01701450909474,266.5075362878333,447.32010554778475,544.4375974720081
-19.6329,-0.4538464,4.91375,-11.488294850024516,3.4590011943333003,876.2115850376621,341.77301937181784,245.20765079040933,426.25705253370745,523.9001142225733
-19.57116,-0.5609953999999999,4.89155,-11.573037887939885,3.4995636984903324,880.3879274893739,337.4774633844466,243.94658681315008,426.25716476383826,519.8906659979604
-19.252239999999997,-0.6404398,4.8498,-11.129185281368498,3.330312320595532,871.8938475657077,348.60057641057176,255.10982524541095,437.792876083473,532.9145057843427
-18.969859999999997,-0.6403222,4.83741,-10.631655611715676,3.2622176435629933,878.3987613330426,362.00330361516313,265.50896344649465,446.3172581539853,543.9325593735025
-18.68622,-0.6069433999999999,4.85289,-10.264301195930392,3.2144075515467962,879.9238814143627,367.05908441537156,276.65867964906795,456.5933219997487,549.1903850427501
-18.35134,-0.5171278,4.88087,-9.810845368227813,3.213910529465842,879.8037338289508,376.40915002336925,285.0173075446248,464.8620266670458,557.9527558799743
-18.175359999999998,-0.39112779999999997,4.94201,-9.560681075021792,3.227168654659556,882.0506592850115,383.47280085705927,288.05943270579706,468.11876363965695,562.7090800247004
-18.1496,-0.2447228,5.04277,-9.369613684457953,3.3010974615849857,882.8669029655518,385.7508570057877,291.353156892828,469.370985788575,564.962843118499
-18.087159999999997,-0.08568882,5.06157,-9.31702489747034,3.4695248169038475,883.6877360726925,381.98874864008553,290.60549450204593,469.37032991461,560.9606737193155
-17.92504,0.06222944,5.03754,-9.11917910774129,3.5367901455405026,882.5785859566773,386.5354555974974,291.1182561263505,470.1214075688973,565.2162332662531
-17.63832,0.35263479999999997,4.94421,-8.841927426484574,3.7250562552338717,881.6865716729284,385.80499107703656,295.42589993382296,473.1256957625362,565.719248587508
-17.3691,0.6564404,4.81412,-8.584213751104732,3.9269067769477557,883.4180058423611,391.1153284165983,293.66893370861646,471.37040156019765,568.4741306900676
-17.0835,0.8464596,4.66921,-8.26649294381725,4.047707747432464,883.0724230572268,395.15789648051236,297.7186017837389,475.1254676869471,571.7281619755911
-16.7902,0.9414916,4.53397,-7.948253012659293,4.094450408571724,882.4123392330042,399.95025829399106,303.52891656377466,480.13269332003506,576.7321632574264
-16.58552,1.0031573999999999,4.42441,-7.742446106197581,4.067348086349224,883.6223940319641,405.487942622495,307.06249160536197,483.88840465019825,581.484866858212
-16.3254,1.0059643999999999,4.34759,-7.456671014344145,4.006441383010525,882.8489214721749,410.76680223873984,315.38889374088313,490.14770471159045,587.7379775968909
-16.09986,0.9967831999999999,4.31831,-7.277062350511339,3.9659078276828454,883.4728482255844,415.54718685867965,319.1700122401363,493.15191104407984,592.740075577894
-15.871939999999999,1.0140339999999999,4.3096,-6.884270838758249,3.9520405239804686,883.5395662295398,421.83340994659454,328.49916844019856,502.16292080898995,598.7425763251804
-15.856679999999999,1.0644843999999998,4.35509,-6.757634025050597,3.925036963273772,885.7581277947271,425.85536998386624,330.5144718620495,505.1662650293057,601.2433033189379
-15.959019999999999,1.1467413999999998,4.43262,-6.857709539758848,4.059679474727077,884.5204758426421,420.33173391022837,326.99028194656694,501.66069610430725,596.2420817805264
-16.169159999999998,1.278354,4.50422,-6.997728961954699,4.187667674235562,882.9832840007914,415.56174255591833,321.1964492710791,495.65156417489726,592.7410887049438
-16.2519,1.483188,4.50965,-7.191081990407002,4.517363967077478,886.1736403325688,407.03000898757114,310.6140986124208,485.88377761043523,582.4880092121293
-16.04344,1.757896,4.45123,-6.871676136604878,4.705196145034619,883.1500707228206,408.80440804475813,313.3942284622982,489.3845724539191,584.4897361805506
-15.769039999999999,1.9931239999999997,4.38063,-6.578494096034542,4.839250815036638,881.5544538446991,412.586958435302,316.1702310513424,489.8817363298795,589.4921478742826
-15.12154,2.359812,4.19903,-6.037990612914236,5.033428849383729,877.2968205877288,419.3861299238923,321.9708205815397,497.3861151350153,595.4944218563202
-14.474739999999999,2.6006679999999998,4.03396,-5.32237002480133,5.1200258874891595,876.2298768325267,431.70153417200333,333.3059882019288,509.6457714981359,606.7468343196058
-13.753376,2.7851739999999996,3.87427,-4.772901824114085,5.15307943637287,873.5829330843667,438.9849091626928,345.6378052626999,519.9024986767809,615.4979477729464
-13.227549999999999,2.9306200000000002,3.73305,-3.913728157636293,5.139088198207,875.0861182258562,457.3036338396212,360.9768418269381,534.4120090096724,632.4990086904743
-12.785065999999999,3.0573200000000003,3.6938,-3.234657120634394,5.085062920498533,883.6534312022111,473.60123203570504,374.2942250190987,545.4180392528754,646.499422509851
-12.72341,3.200806,3.74269,-2.992447570248569,5.151968649169185,884.5022238830263,475.3581809751861,379.06547933616594,550.9200794415798,647.4993445035332
-12.92536,3.392214,3.79882,-3.0060445440586245,5.346487450691132,883.5417937255346,474.1077783990462,372.7829509189725,544.1601296171956,646.2491464639834
-13.176674,3.5745919999999995,3.87537,-3.2416521887682643,5.594505134633443,885.3695588661046,464.0860150395138,364.74019216881635,535.6486886234011,636.7485006566216
-13.595875999999999,3.78665,3.99101,-3.4906785432315695,5.815671569455001,881.8917744167234,455.3139301103148,354.9346940979357,527.6369383190961,628.2477444324493
-13.936621999999998,4.096218,4.08347,-3.800136977196525,6.10362522106095,880.8681969247434,443.7825516609455,343.3637032402131,517.8705246103293,616.4963225926858
-14.428399999999998,4.394165999999999,4.13152,-4.297542427914882,6.4850290597159,884.5530753167894,427.73164164331115,327.25479222594464,500.3406552483997,600.493390153316
-14.50764,4.57499,4.10435,-4.673689288955691,6.819186692372237,885.5419434364937,412.9280089012687,315.41554234108617,487.3128446872831,586.989697433989
-14.272439999999998,4.740582,3.9809,-4.660271406027556,6.845860551484865,888.1854478779925,412.1749252453478,315.665921997522,488.3139671881021,585.4892462669403
-13.51217,4.748029999999999,3.7612,-4.237363131285074,6.758688531231205,876.8968134074457,419.70798227419243,325.2359527377289,498.5797721603391,596.2416021086771
-12.62296,4.65738,3.48232,-3.262515168742713,6.517582934311214,868.1410586257641,444.2948811893755,345.870012111252,519.8587739106173,620.4949296630962
-11.314618,4.563048,3.27749,-2.077165195358646,6.216274380165499,866.9455113938309,472.87074925921706,372.51295850252205,548.638275796931,647.2477736274111
-10.205566,4.461183999999999,3.10213,-0.7622705507536326,5.955043835466737,865.4995142930342,502.9260441742964,402.6371227541267,575.9109525331622,677.0024931135772
-9.215962,4.435676,2.97383,0.06753369107687222,5.814444243703081,867.14493992762,518.1964630464436,422.9513051916466,596.1763492671067,693.2570737233707
-8.701588,4.455527999999999,2.96568,1.038829373899975,5.707419344783285,877.7100772567443,542.4696386164155,442.24829294383153,611.937941196403,714.0171652173699
-8.690401999999999,4.526102,3.03955,1.517589618445758,5.694112034130357,880.4507088647742,551.9761670281227,451.7676561259848,621.4458221081678,722.0230250037284
-9.230088,4.604627999999999,3.20933,1.9287600374355292,5.674163892281229,889.0191566185118,562.7321597858827,459.5310269349544,627.9513122109488,729.0289517952289
-9.979788,4.701186,3.42632,1.3962512395141857,5.801163789788697,870.9369852543268,549.2243153017929,446.00682274174244,615.9386436559136,719.0226121386498
-10.931032,4.77799,3.55952,0.23616393345935674,6.06865234519128,865.4539852869103,521.4505466576859,419.18549017078305,590.6644336975855,692.7585085653823
-11.725727999999998,4.8236159999999995,3.71243,-0.620651615463015,6.2024111580116355,862.5107457507913,502.927097530754,400.62542091533,571.1491361426852,675.7527335588945
-12.782014,4.824694,3.82497,-1.9356632030838568,6.343156199048071,864.6653701882493,475.3772804442129,373.0147517503041,546.8803204907686,646.9972993019167
-13.749469999999999,4.748898,3.88092,-2.804739458049211,6.390346584433627,863.6681296578367,457.3311941765761,356.93532936415596,528.3669419854731,631.4958284347991
-14.312339999999999,4.646082,3.89689,-3.6121330364112003,6.410880708131845,868.6620435542187,439.7760352878206,343.36060337172063,515.3563146136237,613.9946181821775
-14.7616,4.513978,3.86693,-4.2773831991850955,6.3780541289362045,872.4815377830776,430.4897092452112,329.02048832364295,501.59598208595037,604.2438810625631
-14.82432,4.230478,3.7628,-5.068882013972592,6.36539326002812,882.2528838935283,413.91721414986716,316.4307941430627,489.0841998715845,587.741334913362
-14.648199999999997,4.073706,3.69451,-5.363484139661571,6.238686348504357,886.9052129758088,410.143548746919,313.66028194167325,486.33649981838346,584.4909636030499
-14.392139999999998,3.891762,3.6432,-4.947888297386091,5.977391582206633,879.912513715509,422.1931135468019,325.7518762448865,499.36016038447235,597.9944745585132
-14.15904,3.7297119999999993,3.62368,-4.679493756950408,5.823213632840888,885.357467372835,432.481087804637,333.0532391783295,505.61998773256016,605.7459496610614
-13.806646,3.594836,3.62901,-4.2229387758163845,5.581711315689922,881.7476605778634,443.01649501229815,347.6474485640732,521.1412471330993,617.2475601928122
-13.400295999999999,3.5121099999999994,3.63867,-3.9609352946972747,5.481048189429414,882.6141708111169,451.0424861762705,353.68341652832504,526.396871569388,624.9982635907049
-12.814689999999999,3.4890519999999996,3.60907,-3.382853296598013,5.373464408323707,872.9280816218998,464.58273443846304,365.24675520274167,538.1575805000807,639.2488518020295
-12.267485999999998,3.492342,3.52608,-2.696364854309407,5.212192744747669,872.7062000682141,478.11734440057955,382.83122758154434,556.4219961595879,652.9994272893699
-11.507201999999998,3.5011899999999994,3.48569,-2.0564715879156887,5.044284386106905,872.3871156377388,495.6537238110678,396.3887259587219,568.4309648929219,670.0003946620742
-11.24977,3.470796,3.48218,-1.1329229171165345,4.809216365950213,882.7654554557055,519.6906980482339,418.466453821416,588.4428757758157,690.0027415772015
-11.307842,3.399886,3.4786,-0.9238340746835105,4.661504061993232,887.9285460489529,527.1988592732885,425.99091598534517,594.4472687110019,695.5034923750363
-11.560220000000001,3.2877460000000003,3.48822,-1.1328716856764909,4.594369781814837,883.1387565965138,524.1943961505426,422.9845095594154,591.697907418838,693.753006328413
-11.942938,3.1394299999999995,3.51473,-1.6114908733374405,4.513879767805563,882.2793818997563,516.6821628377598,415.46353054607755,584.696731804392,686.2515813257967
-12.428695999999999,3.0066679999999995,3.53505,-2.0157817351728164,4.446761743153808,878.8980145703302,507.1649083606675,411.9537101961254,579.9468155972099,679.0007465875134
-12.975423999999999,2.728922,3.55766,-2.6892186117438017,4.279019608162312,880.7028837964871,499.64646043711656,400.414573131167,570.4465709802228,670.0001339512244
-13.342069999999998,2.5298279999999997,3.58926,-3.1131434623647953,4.164923472010092,882.4090294936184,495.1327084037921,393.8892144877525,563.6959406650985,664.7500039699977
-13.479704,2.2191959999999997,3.54879,-3.5433614427208826,3.8893200361286024,887.9596266191155,489.86318844682523,393.6388222094565,562.4512718095476,659.9999863393248
-13.055098,1.73264,3.39007,-3.630582979631352,3.46539811066477,888.9000621726102,497.6207239863436,398.40831059746836,567.710047367857,667.2500009892351
-11.966541999999999,1.2773109999999999,3.2439,-3.0051464605472074,2.8522450059558353,866.376647699037,518.9058637141975,418.73418512958114,592.4756203126643,693.000407054388
-11.060448,0.7650146,3.10258,-2.0490805859552883,2.2924579389771225,858.9265640648046,547.694844796692,446.5682086183764,618.7359345917276,722.7536117790769
-9.242436,0.09006955999999999,2.83286,-0.5662011642301097,1.50294130319102,858.9550164074996,590.2290990283504,489.1577427007566,660.9988527287819,764.018146418065
-7.414847999999999,-0.47212199999999993,2.56439,1.1194675360087645,0.6387825967295202,856.4504586762043,637.9959786573565,535.963702414726,707.5192992517996,812.060249337804
-6.451606,-1.0267754,2.47175,2.5005158221414647,-0.1310966630988859,870.1329948685776,678.5016113430065,578.4880092150343,746.0492493743302,850.1212387042909
-6.14096,-1.6154739999999999,2.47756,3.496114404307055,-0.9820390600688864,881.7642820525853,715.0073932553735,612.9967193477491,779.8367414517137,882.4454913827462
-6.217386,-2.23671,2.56329,3.93286256666976,-1.7111892832749127,896.0421634848203,738.5157409237215,636.4992014144834,798.8582166589393,903.0037023964356
-6.859188,-3.1112759999999997,2.72997,3.8724693270771486,-2.1564324749941495,895.0106136161365,748.5230133373207,644.4997643464947,806.6113237411764,905.7612871916286
-67.47664,-12.976291999999999,10.9048,-14.982728844044471,-2.183959598488979,881.9058996884761,380.0473902093552,283.7725027112931,465.71429106374137,552.2713361743466
-23.946159999999995,-5.372276,3.26309,-13.366228272015807,-1.7015324824531308,888.0118367879915,402.851404489325,305.59783244019405,484.31940125112214,580.8711153256495
-23.30706,-4.9938139999999995,3.17633,-12.726644841799061,-1.3695786939694592,886.9271337781341,408.50509759060515,313.2868104913122,491.1025060360635,586.1457601115683
-22.39104,-4.5969,2.98796,-12.130318227396053,-1.0851004310909242,873.429081497888,411.36648381063105,321.1897746908427,499.6318580045404,592.1683099604012
-21.53088,-4.198852,2.82766,-10.858935675188315,-0.9898997097408824,875.6569944029305,436.16872730942083,343.9956033364339,520.4274922054328,614.9580162014613
-20.97564,-3.7744,2.76975,-9.960218314315709,-0.6515727409724072,888.2966686035193,451.3450519290332,355.15851698857637,527.6951067080417,625.2240965888361
-20.722379999999998,-3.4572719999999997,2.72497,-9.604899556165076,-0.4149116157584951,891.3440945832082,452.6352989862872,359.4758679793404,529.7005704988403,627.228047068568
-20.484659999999998,-3.1309739999999997,2.685,-9.506056076916199,-0.06322019783261605,893.7066845516537,450.15592032295945,352.9481040767214,524.4473558023849,622.9774781714239
-20.23448,-2.715832,2.6492,-9.275431115982302,0.3492416007670616,890.8433953524109,447.429664028708,349.200676737265,520.4454281319785,620.4796047816634
-19.86782,-2.221002,2.59077,-8.800173110430281,0.70742751159234,889.9933233244966,449.7349028981687,352.50843650583465,522.4502074528875,622.4842330671981
-19.46812,-1.9191479999999999,2.49387,-8.403401836468516,0.9235947683285505,886.2250693582539,452.52514498619354,356.30843995463067,526.9558685655991,625.4876653918536
-18.70526,-1.523326,2.38662,-7.879937839852857,1.1126245412481277,880.4988072082941,457.5746856819056,363.37875315936515,534.4631439012878,631.4916542432261
-17.95738,-1.2369686,2.21167,-6.856206742593746,1.3487748263893198,875.6733933054455,472.9304095851958,377.74285923925686,549.7236418995458,646.2472742354223
-16.429979999999997,-0.9112712,2.01466,-6.015767310474601,1.4160930075156655,870.5878370795795,489.25895956471936,391.07524347706885,561.9794640860603,662.49983102851
-15.400839999999999,-0.694701,1.85648,-4.5699830448483905,1.3887591633901417,864.9750752037141,518.859448767869,416.70131195119524,590.7379650826247,688.7510747052609
-14.001959999999999,-0.6174812,1.64346,-3.0855191586700292,1.2601961249462077,864.3676951335146,548.423167379168,448.3132702204897,617.9922165015969,720.5031837848647
-12.333874,-0.6144725999999999,1.39274,-2.102775689616198,1.118308208319457,866.1192825916299,570.2031415847148,469.11711675897755,638.2449122648139,741.2574878856022
-11.226026,-0.6397972,1.2253,-0.48523955830769216,0.929162066932381,876.8490368538844,606.2334945390228,503.17860085470124,669.5014813138401,774.0228396801725
-10.542462,-0.625009,1.10273,0.10813016313302674,0.8886313846465373,885.5430472641284,617.7393285013011,516.695318993937,681.2559002222694,784.2806124740042
-9.731372,-0.5508495999999999,1.02778,0.7688867583109031,0.8818812077968221,889.6724804854144,630.9943090940826,528.9571729947286,694.012739018631,795.5415777120123
-9.305772,-0.4647804,0.987949,1.1531286754994423,0.9358947288738274,894.1805322498512,637.4962959577304,535.4621168053657,699.7671087159338,801.2985933999033
-9.209745999999999,-0.36002539999999994,0.988971,1.3014013263977384,1.0236513814221697,896.3244378917847,638.9968608665281,536.9627817132659,699.7677369934049,802.8014706965427
-9.25687,-0.2562126,1.0152,1.2542266756283182,1.1316696581556143,895.1578514152927,635.9964922685783,533.9600071131493,697.2666783520889,799.7986698370858
-9.328536,-0.16858099999999998,1.02956,1.1329033769420624,1.246429445210196,894.5158701105332,631.4956950450219,529.455668416856,692.7642525620419,795.7946680782401
-9.359994,-0.11001395999999998,1.02689,1.1261651777314998,1.2734361431322965,893.7240488827015,631.2457217520306,528.2044975370657,692.5142472905944,795.0440286724694
-9.373028,-0.10163369999999998,1.02432,1.1126888897448537,1.2396807716964122,893.8034336410551,630.7455455853724,529.706113206038,693.0144288557219,795.0437847080177
-9.370353999999999,-0.21146719999999997,1.01989,1.1126888530101553,1.1721845077332178,894.0045038980303,632.4956813982253,530.4569447393579,694.2649638581647,796.2945350548292
-9.326744,-0.308861,1.0141,1.1733519615331016,1.0979242598342498,892.5478245905352,634.9960529668849,532.9593361040179,696.766210613019,798.7970554131626
-9.296014,-0.3601696,1.01747,1.2407505067375295,1.0236576923345202,895.2767762611479,637.2464702808626,536.2122487925467,699.2674641603575,801.2994244799215
-9.268965999999999,-0.40752179999999993,1.02847,1.2811940582243007,0.9966517496206818,892.1795977330729,638.2466233886097,537.213104084693,700.5182021017669,803.0514111727166
-9.278276,-0.4216548,1.05801,1.2946679191256611,0.9966582489428059,895.485191510984,639.7469517722077,536.712750136629,700.768394524187,802.8010880931878
-9.303014,-0.4132492,1.0913,1.2946674506855556,1.0101528962695274,894.4235479087844,638.9967544240105,536.9627071109865,699.5176530340867,803.5520618481612
-9.31742,-0.4131148,1.12333,1.3014110345731895,0.9966513777359827,893.6112949360356,638.7467351179148,537.7134541565713,700.768394524187,803.3017357563256
-9.338237999999999,-0.43346799999999996,1.15232,1.2946675661545881,0.9628940560907356,894.5929736939945,639.9968330597476,537.9637006070385,700.2679036356332,804.3026620018145
-9.477733999999998,-0.9369849999999998,1.24335,1.2205330775726506,0.40246754477169233,894.1324015009902,648.2474373825064,547.2222240062022,710.7709288867753,812.3086742650178
-9.507273999999999,-1.0862824,1.26073,1.1935704641921387,0.2606524239921224,893.4892658930884,650.9977238682488,548.9736533236419,712.020618140035,815.0614806187843
-9.536016,-1.2341686,1.27454,1.186835303754036,0.1661192514054236,895.3551249357705,653.2481056355534,550.2247068968909,713.7711932515679,816.3124742097725
-9.5662,-1.3578459999999999,1.29013,1.1666143933616497,0.04456334368606597,894.3137055939663,654.4981751759027,552.4762434186703,716.2718125922811,817.8138789116206
-9.625798,-1.587544,1.34036,1.1329175682688433,-0.17829799507803706,894.4795601479167,657.9987185090366,555.9785967538646,718.5213908505418,822.56927718112
-9.675918,-1.775256,1.38667,1.0992249791635595,-0.3943806237317978,894.1091313331087,661.7494223164533,558.7303172886817,722.7724772825918,825.3222292982726
-9.729272,-1.8938359999999999,1.4114,1.0790086709857416,-0.5429351178149004,895.2882354907466,665.0001247817602,560.9815864417719,724.5225719755606,827.5749558256123
-9.79356,-2.003806,1.43196,1.0250859247678379,-0.6307118344462018,895.5293127842702,665.2501882722197,562.2322361992242,725.2721604457474,827.8250717134023
-9.855496,-2.08439,1.44935,0.9509356483834536,-0.7049892497981665,894.5396756711209,664.5000137430748,562.4823514239728,725.7716995839814,827.8248033726738
-9.914547999999998,-2.1429799999999997,1.46393,0.9172320909923662,-0.7252456675003364,895.5526583790015,663.7498244044847,562.7324607005363,725.2710437049029,827.8247255343626
-9.969064,-2.139004,1.4756,0.8632992983027745,-0.6712218504294807,895.8396025645364,661.7493190732151,560.7313957836699,723.7704732935356,825.3212362099537
-9.942338,-2.073778,1.48463,0.8632942759772705,-0.6037115624583098,894.663044329811,660.9991401857601,558.9804583549865,721.269324302555,825.3214309956405
-9.781645999999999,-2.0017199999999997,1.46688,0.9104776272413839,-0.45514796134280705,894.5007326250955,659.7488998414208,556.7291912451903,720.0198517400847,822.5681109127515
-9.351244,-1.870064,1.36257,1.4160101480360652,-0.36738376747654705,887.3547770762411,666.7504379469001,563.7329118110069,728.2772631224007,831.332099486101
-8.716904,-1.719396,1.28097,1.9146259366012341,-0.21885104715522874,878.3629601378572,672.7512217104745,569.7354323319364,733.7845895226664,839.8490590688107
-8.069571999999999,-1.3340124,1.13863,2.863905537069798,-0.023016441898874827,881.6027121911175,686.7521635110603,583.7391722994957,749.3078372321179,852.3788645767678
-7.665811999999999,-1.0038518,1.09926,3.442219109265351,0.4429984682475751,892.7258119732682,687.7514035631286,588.7377530596982,751.0715248017145,853.1389128155784
-7.619234,-0.4822398,1.12648,3.536327113964051,0.8211884607720966,893.9578229473065,684.0007898794336,581.9838163611109,745.8212955914294,847.8835313182237
-7.9474219999999995,0.4710174,1.26467,3.4154028104257277,1.5233052120845696,888.5069164025532,668.7500892393381,565.7227629710217,729.05817325467,835.1178173603341
-8.59565,1.1806269999999999,1.39891,2.8909747376552364,2.589104969941234,886.225903324636,638.7494942736163,535.6960895991716,700.7839005114915,805.3289240875895
-9.094638,1.9486459999999999,1.55238,2.2920370666379033,3.49176132412284,877.4931204904176,610.4970829508757,506.4065687785755,672.7579606802901,779.3038121994434
-10.239768,3.142706,1.7367,1.8071005395255029,4.117316299311568,880.9740307169662,589.9928971494675,485.8705900114064,652.4882341247376,758.0372413188675
-11.018854,3.9210779999999996,1.89968,0.7757863878082106,5.392615644502528,876.947517749591,545.7217404666847,442.5108783421853,610.6913763708237,715.765679218611
-11.67327,4.629491999999999,1.97982,0.3306194677483596,5.9349418009661425,882.4157943753308,526.956030329773,424.69975790834764,592.6678531976896,696.759130827608
-11.926642000000001,5.1927959999999995,1.99115,-0.18886306966482846,6.803511815342766,888.407573008657,501.42621982246226,399.08867188566967,566.8724824554909,670.0015906205722
-11.723012,5.571846,1.9285,-0.16188425718703814,6.970245558016795,889.4265869944818,498.4219955657843,396.06980945560997,566.1169709073754,666.2505344046905
-11.167449999999999,5.752362,1.80768,0.1484522214053521,7.043544292171999,876.5850738183002,501.9268051128513,399.5789365428669,569.3668999779952,673.5031594215632
-10.35258,5.7680560000000005,1.6458,1.0727524817755827,6.890207548528147,873.0312107622299,520.1981890224566,420.8994297053292,590.8908797053136,692.512362347725
-9.589286,5.6712739999999995,1.50796,1.794259414323845,6.703599517275578,869.6645696343477,537.7136682633762,436.4443505319838,608.1624780129363,709.7736831313211
-8.454418,5.509098,1.27884,3.121069955432318,6.35679196161097,862.5724930343981,569.7316103360976,466.51804152491303,637.7047468433566,742.8085823178052
-7.190665999999999,5.35661,1.13315,4.445057804414007,6.070251709384808,868.92437372043,596.489723313637,500.31997183050976,670.0110580446694,770.1001797607156
-6.736968,5.291888,1.11978,5.061938975682493,6.003855610786065,881.3658224956255,612.9926130403454,512.833551571136,679.5320961156964,782.6285145310959
-6.891387999999999,5.37341,1.25882,5.611091850632103,6.044572394518386,889.1322367381918,623.4936539635928,523.3402206580561,688.5560377767152,790.6524727511027
-7.543424,5.528544,1.44007,5.517669702675269,6.311991367484019,883.7306754309488,618.2419600013214,515.0728925331917,680.287262908764,785.3998920096913
-8.608054,5.717263999999999,1.68307,4.41861353839005,6.611517297406595,863.7638546039068,592.4862096050815,486.28715705373014,654.4791109104182,761.10266785796
-9.966054,5.921761999999999,1.88767,3.3569540776594957,6.8710365052218725,859.9487229735765,567.4780125918177,461.24031808786856,630.4350986961807,736.5622537605368
-11.483766,6.075692,2.1596,1.5517081938368213,7.263447450150961,853.4653089290206,525.2008613703628,419.8877551508516,590.627279099494,696.2690662049494
-13.015226,6.29944,2.47065,0.3036510183440192,7.529532950402697,855.9673206601905,496.6680499852682,391.2886320272678,564.5944342487535,666.7510465782033
-14.122499999999999,6.428337999999999,2.59451,-1.430548807419305,7.822395303665548,864.1771073275119,458.09683229596976,354.62067006302766,526.0494028795667,629.7386733794244
-14.57596,6.466403999999999,2.59539,-2.3138992648942405,7.896007483181544,868.0946693152307,441.0520044852456,335.51207511937355,508.0290052808357,612.7356413238595
-14.45738,6.406148,2.5367,-3.162407783071063,7.87002386154311,886.0899480821189,420.48340591407526,324.94216368966534,497.02249087308485,593.7341402460553
-13.813184,6.216042,2.39393,-2.899951323530983,7.823327398351417,869.8650955624273,425.50213283112464,327.96477926776333,503.28451215548284,602.4857652648357
-12.734623999999998,5.897583999999999,2.1618,-1.3494406597819566,7.230320748497319,867.0265070102294,468.3687852981524,365.94472827132597,542.8459259549547,641.9944458165244
-11.289291999999998,5.677069999999999,1.89755,-0.3846695787059664,6.903484023837194,855.1884626809787,491.16097519145745,389.80762484008403,567.3767010059762,667.0007772674111
-9.65594,5.331227999999999,1.58151,1.5446588770781464,6.2559905660941135,852.3064796974135,539.2161656835789,437.97083158375494,615.4324786941135,714.5237134651253
-8.163302,5.126729999999999,1.37519,3.309211348266678,5.801776987615289,857.9838141505381,581.9878615098729,479.81010847571997,656.2367337106261,754.3147858289227
-7.235367999999999,5.082714,1.32438,4.310544167364249,5.782344270895607,868.6599891305221,602.2422732915735,501.0827377355263,671.2626334379092,773.8509614410004
-7.151844,5.2174499999999995,1.43829,5.369966092394021,5.8435471954001565,883.6626698509502,622.9944230852254,520.8462059729414,689.0541983812668,790.1427595675576
-8.070314,5.576032,1.64023,5.664842766343081,6.312099019407287,890.8085132812495,623.7427338331167,518.5800257047266,680.037226316505,787.6595105737233
-9.421033999999999,5.9576720000000005,1.99959,4.553163652435495,6.845317138422435,860.6331360818351,591.4848216953706,485.27799594842804,651.4710494749405,758.6062630535347
-11.638942,6.481971999999999,2.34514,2.5225948927091553,7.503535552392172,845.9971706894321,539.209606839474,433.9108152874255,603.6316190583652,709.2857779575984
-13.729674,6.799338,2.69928,0.06746864289107612,8.240397947598614,840.5664338637862,478.6369902970458,373.1853074143256,545.5405410594673,650.7425677461274
-15.3664,7.1740759999999995,3.03122,-1.6333475563429793,8.691433079676102,836.850591184451,437.2930943678915,332.715006501113,506.7283683517626,610.9754872177426
-17.93008,7.4963419999999985,3.31244,-4.1664825117034425,9.216054576555623,839.7102810024447,378.81585750313957,275.01126644416536,450.871596687746,554.7017912683466
-19.537139999999997,7.588812,3.52376,-6.419317561640488,9.503868212732847,847.6756350168554,330.7569575770081,225.69641156959102,404.00119005211627,508.41840201429244
-20.49418,7.545132,3.56332,-7.779551600984678,9.579838241669526,849.7948512226432,303.2586447883864,197.0202120617493,377.66389585776017,482.63731877923203
-20.818279999999998,7.310674,3.53458,-9.244681140210574,9.67024469274874,873.9421326271915,268.8536852397432,170.54641723356127,352.0498730799686,451.0794006001456
-20.80022,7.041887999999999,3.47703,-9.197778898345856,9.491695274001042,877.6529110395655,273.65902298048024,174.37004480780442,356.58654009446724,455.0894360042191
-20.40682,6.732922,3.3985,-8.561115752395844,9.092926602499695,876.2843828931473,292.86259603682805,195.75148314323474,374.6869196705808,475.13211918890465
-19.81686,6.448764,3.34027,-8.069554500697242,8.833354235047768,873.2087298547651,307.00087848442274,209.97996543882263,390.5103845893801,487.9045440128848
-19.13002,6.160321999999999,3.26921,-7.150774689251889,8.433522535776962,872.0073822009364,335.749360228917,232.80777759253175,411.5960078127151,514.9407573600554
-18.41266,6.056133999999999,3.24008,-6.3629353615090904,8.219460680229263,878.7398264454736,353.1278333137834,255.33516574706346,430.904400033481,531.2063988296384
-18.09822,6.083069999999999,3.2479,-5.774466460834562,8.185351339792614,886.1555080726724,367.7246811255585,265.9484753195345,442.17733949404675,541.4635527930225
-17.73338,6.218408,3.24394,-5.486723801462731,8.271170152459517,882.3843858489824,370.24506060892725,270.49184953442494,446.43128192750737,545.2149295878779
-17.65582,6.405825999999999,3.27928,-5.151653254272387,8.297236013734057,887.6691813783866,376.7841855054807,277.05295861214097,451.43603760020045,550.2173979877883
-18.04502,6.606082,3.41389,-5.198752421454945,8.416703608343326,886.4973922684586,373.769603829783,274.0203712737414,447.67122805107863,547.4647471015866
-18.73662,6.693469999999999,3.48602,-5.694987562493583,8.623076686736354,873.8623989707714,361.69973299657704,257.85080792477163,433.38007502119183,537.2064874860894
-19.852279999999997,6.710452,3.65146,-6.731472418464811,8.803806043626059,866.7937437085909,337.27930591161044,234.32192140602825,411.5701861083435,515.4374576989874
-20.811559999999997,6.68192,3.73426,-7.917249114205769,8.985207607804112,865.5813115728415,308.52612566276383,209.47196687479365,388.74261042920614,488.65411073601456
-21.60466,6.622476,3.80302,-8.700457756699139,9.11322347465247,870.8872641442404,293.3642710933743,190.15656919298664,370.6659723219601,472.12612217205765
-22.028859999999998,6.57909,3.79058,-9.441027337524051,9.155145345317948,880.4525405292771,277.67096423383214,176.4068715289142,356.1008110153999,456.59343522416475
-22.01444,6.5081940000000005,3.72521,-9.691527659374685,9.129409273547555,885.047332497064,271.8412269616978,173.60290538779157,352.08516778933233,452.0824280677523
-21.57022,6.331738,3.63214,-9.434052390677232,9.022688657975046,877.549109544427,277.91783108416166,179.7180324010545,360.3816386726577,459.3497999840389
-20.99034,6.180803999999999,3.47786,-8.533573304426342,8.622515135371485,868.6193291763567,304.20539845073046,202.10631003125766,385.0050063378485,484.90036078057454
-19.65446,5.876514,3.28574,-7.716350231481126,8.301907174858602,864.4011995383507,326.66393322311364,223.6847180283778,406.09207339912496,505.9310307822203
-18.08128,5.5075579999999995,3.01697,-6.235356237301674,7.707563397946514,864.4952614780819,366.1963632955302,264.44435433428873,444.2104655809421,543.9679883544588
-16.4164,5.107578,2.78586,-3.9016229071785804,6.7651650732538675,861.4309260566486,428.493339401867,326.99835774988173,503.8341941871241,604.9924842197047
-15.208199999999998,4.805976,2.61288,-2.9125123715501036,6.390490860102481,860.5592048418888,454.5740772189971,353.16422173405385,527.616920888294,630.7460833198768
-14.369459999999998,4.573156,2.57746,-1.7399842036759057,5.908521470404626,873.9014697910973,486.3955820823357,386.07811174388894,558.1500956677735,658.7493044779437
-14.402499999999998,4.39208,2.66559,-0.9374589062563741,5.633808199378863,879.8929623415623,505.9275736573248,409.6696957287382,576.9166463304684,677.0019306376198
-14.91,4.339734,2.77461,-0.7890662689977027,5.613708238223806,886.8675982538566,512.4366058909387,412.17851807827776,577.4154692909116,680.0025662844066
-15.68014,4.358368,2.96071,-1.5039575630985287,5.72099040843225,873.699589877836,497.66389777896586,394.3677266052381,562.4056227712766,666.5002849533363
-16.63452,4.39866,3.07069,-2.2521580003789237,5.875175036925714,870.3990459850431,480.88271570343204,376.54369077866613,545.8928741720778,650.4984053233396
-18.06364,4.448458,3.22595,-3.5917786048857496,6.069953442472242,866.6616136873091,451.3058206361143,346.8889018236869,519.8706104779886,621.4961400408629
-19.27212,4.455177999999999,3.34889,-5.055562380096835,6.291827496417688,864.8293982306585,418.93606390110403,315.42495142681423,487.58351600702747,591.7418363014785
-20.35292,4.412674,3.45236,-6.386924003988125,6.4069893129951,866.116812036455,388.52459364978364,289.9562609319121,463.0469262316809,563.7327268617717
-21.13244,4.316452,3.52302,-7.1870601541709584,6.428306448428075,871.9951667721191,375.939793865167,271.2646362948533,446.7666985279982,549.474628145595
-21.53228,4.1583499999999995,3.52791,-8.203709475665065,6.423374873098331,876.1354126139533,355.52638157249055,251.78389909879988,428.4771602734902,531.2088731891447
-21.3234,3.830764,3.48328,-8.918490576918328,6.3644187454420535,887.7267767333311,339.8779689689867,242.15475501717208,417.9520939086158,517.191041076799
-20.87708,3.6505979999999996,3.43901,-8.415246290784408,6.03567535087757,873.29394767542,356.7599231077286,254.0516033480758,434.2551102202548,534.9604685811656
-20.261779999999998,3.3017179999999997,3.3638,-7.864077924903324,5.713112800063806,881.1175751720433,372.61807518586494,273.0206728563227,451.3007060789007,548.971838340018
-19.30474,2.982532,3.25348,-7.038877727774591,5.215709468930865,874.7153686769171,396.75894418800664,299.2783005722439,475.6041408165016,573.7364736983685
-18.38704,2.52553,3.14478,-5.9305510570666815,4.435573530239219,877.1697844695981,434.6798134168395,334.30477656355725,508.4087017440982,609.4968749716224
-17.867499999999996,2.1424619999999996,3.08329,-5.455394144757059,4.058645574195831,880.2468749163172,451.23541033785466,350.9134433384402,523.9284051117654,624.4987054353878
-17.10842,1.7526039999999998,2.96195,-4.798740323265481,3.5737306306420833,874.0736463046486,473.30113384532774,371.0264942577895,545.4498788433757,645.999833636113
-16.4808,1.3625388,2.85928,-4.067204897585703,3.1019252656186183,872.1667493525849,495.60412133436273,394.38825365644783,565.9649583557767,669.5000074763117
-16.184279999999998,1.0772552,2.85289,-3.4488586090560407,2.6231927166016322,884.524651922447,517.8946801107027,415.72208873075874,585.9755751255757,687.5002284629495
-16.19156,0.6926317999999999,2.85804,-3.1797735984340667,2.306139345903434,889.2360560985373,527.1563451847003,430.01945585402666,596.730957607435,696.7506038434144
-16.4136,0.4187848,2.85155,-3.3142119811725173,2.0093731853040935,887.6392214718824,531.9075176303988,431.7723518207202,598.9838970214073,700.000888230881
-16.807699999999997,0.08712942,2.87105,-3.677155758286518,1.8677628562083173,885.7110022348411,527.3938177613148,427.2550831438735,595.9846325552509,695.5008380769502
-17.177159999999997,-0.2241652,2.92074,-4.247916079102017,1.6519168973901708,884.2239388418537,520.1187916622421,420.9778187588861,588.7350321178008,689.7509252445574
-17.68172,-0.435701,2.9502,-4.683914231276342,1.5710265982943623,883.8990817856615,513.8482192126953,413.6958463905638,581.9841093618311,683.5008832179753
-17.996299999999998,-0.7056266,2.9751,-5.085919360301366,1.449594076995818,887.5249607366078,508.0758680706216,408.92156980990393,577.7340724568949,677.2508011623045
-17.432239999999997,-1.3478751999999998,2.85026,-5.320131951026141,0.8688559252320438,887.9962047854223,512.815890293297,416.6901266311728,584.4889561325764,683.5019358115919
-16.39932,-1.851122,2.69038,-4.589928028819104,0.3487239784384172,871.2299454514116,536.8674767282216,436.75733031535844,607.494917558611,709.5049168503654
-14.602979999999999,-2.462502,2.41438,-2.513468391117181,-0.6576499284585203,857.1094842866735,594.4532189566373,492.3963235409818,665.7500956603074,767.2715947697448
-12.859181999999999,-2.885918,2.15548,-1.2806869711013167,-1.2112752569298537,857.3656207189091,630.4826260161007,524.4439792673394,695.5035722027854,802.0458934186245
-11.058977999999998,-3.654336,1.81627,0.66115727734487,-2.027842277494242,854.3273004994114,682.507039129808,576.485823871883,747.5230920972637,850.6111995477307
-72.28858,-13.656832,10.035,-1.0987653410275096,-2.3717265279093245,895.6280586099703,661.4980983274088,557.4682502099793,719.5058027590446,813.5609766755546
-17.32192,-4.554437999999999,1.17521,-1.6850018515542542,-1.224820700853427,890.4209222575578,625.2268875675479,522.1914121390722,686.0020572284737,790.037417485808
-17.8157,-3.8689839999999998,1.28257,-2.1161233647960773,-0.19173073435307164,889.3651832300051,598.4622755194385,494.4078877857607,658.2492865550308,763.7680364933392
-18.030739999999998,-2.933476,1.3362,-2.3450937829557095,0.5849150990312649,892.9059779463781,579.9527389534783,475.8785431806707,640.7462093093447,743.7590628562239
-18.09668,-2.016364,1.33948,-2.3586495263052973,1.4963685405210394,893.2748533849323,562.4458656792033,458.3454671717658,623.9904821367445,727.0041064753617
-18.150579999999998,-1.0682238,1.36005,-2.2173148305881525,2.123842578334542,893.5075701749499,551.4427170382359,451.3304707049321,615.7353023145558,717.2524517532659
-18.220579999999998,-0.08579213999999999,1.39114,-2.1905814504212504,3.1552333003953064,891.8879812434312,534.4359085549785,430.27185535926475,596.4701472019913,700.0010989711975
-18.19678,0.8734432,1.39602,-2.123475302716286,4.171331049943774,889.4049994927325,516.1741174982162,412.96027585737977,578.6987128912118,682.7507416234082
-18.059299999999997,2.023882,1.39162,-1.7800775739935537,5.124712937636894,887.4844400255223,501.9138407321808,403.663036663341,568.9239428482381,670.5004780148884
-17.760399999999997,2.678536,1.3678,-1.5039277709449594,5.7344605295983015,887.737493744195,499.16614440812214,393.8624978204514,561.4030814257546,665.5001320182823
-17.38912,3.4906759999999997,1.29022,-0.8702136719528824,6.52330785202516,880.0851324858079,494.9153082755969,390.574189013219,559.3761462561403,662.999683806114
-16.43474,4.3898399999999995,1.16058,-0.2967677475041123,6.956920655860682,875.9996041881108,493.9151811339905,395.5728088915937,564.3641523628924,663.9998696618339
-15.655079999999998,4.8391839999999995,1.04429,0.78280810397702,7.38996092661558,870.9692919677251,505.68047739382877,406.3337864149206,576.1077286534327,677.2557388724936
-15.18202,5.35647,0.980997,1.605892725085564,7.842497284533715,883.0026778579268,515.6885854420034,412.31771701950385,580.3410892671357,684.0115346751754
-14.815359999999998,5.7117059999999995,0.950038,1.9229786079230748,8.1679457122492,886.8296888074863,513.6829378726416,414.30140995891475,580.3280264653318,683.0124088542086
-14.564899999999998,6.1523140000000005,0.946282,2.138916806318187,8.47321002451456,888.199038864672,512.4282128590851,412.02050831718316,578.8104263957266,681.0120242535576
-14.56322,6.489097999999999,0.98203,2.2064498052888397,8.797787805604239,888.826153045112,509.42086473182115,404.9726550391582,573.0370663753608,677.260090832692
-14.738919999999998,6.950873999999999,1.04761,2.031467894369908,9.37924329543762,886.0235684965808,493.1425745184989,391.6327705685344,559.7381930930094,662.998768412257
-15.06232,7.444737999999999,1.1104,1.8427865849181138,9.715512453591996,884.1712457215832,483.37321475186064,380.8139807808695,550.2025106190309,653.4904187251708
-15.45446,7.810683999999999,1.20541,1.4583612079709294,10.235225202283665,884.159802114775,467.5876062662862,361.9379727614393,532.8884966483107,637.2252317680087
-15.742859999999999,8.279194,1.29053,1.1952093899590936,10.570041173050585,882.7160707085402,456.8111311517687,350.0969722708983,520.5902372632875,626.9646897338976
-16.076060000000002,8.781486,1.35636,0.925361577897651,11.02859039835133,886.3522150006627,440.51478517094415,338.7350727471278,508.77968138097833,611.1977871453311
-16.05366,9.036859999999999,1.35787,0.9389426085024984,11.362006701254602,887.0898680032907,434.7407411814838,331.90489234346467,502.48523409978867,605.4378322006966
-15.593339999999998,9.327472,1.23112,1.1754211284444491,11.492687434833227,884.0197315060277,436.2394502184237,333.39357214780784,505.72754639321226,606.6856848636522
-14.452619999999998,9.399222,1.04768,2.2148663439706673,11.395123062628658,866.3623678973049,458.2836499623993,351.5050866173653,524.7748031764406,632.2074423201684
-12.855415999999998,9.297288,0.759111,3.084700023967923,11.21300807770904,865.8371745726229,478.0699704884565,370.35470077657243,545.8301992388995,651.2310370754633
-11.312097999999999,8.985256,0.442094,5.101809629455974,10.678822800853174,858.5402687875447,524.6340337033679,419.07491259901786,594.7283333756346,698.5616353587475
-10.485999999999999,8.786358,0.386438,6.313572803462288,10.372797694962399,880.081775614797,554.914126173851,450.4197684718865,620.5641223237163,725.373495413052
-10.423294,8.643068,0.471013,6.974425021295951,10.223180591085166,888.8765090406191,570.6767512864876,467.2152154128888,635.6211046204453,738.9118768100635
-10.768576,8.645476,0.610517,6.827940436269455,10.321452192222845,880.0516334225531,564.9210619432365,462.44994757922336,631.1014560394855,735.4044923033689
-11.457067999999998,8.758624,0.799031,5.892419446243977,10.562256486112643,872.4295901548486,544.6530225571564,437.1271358270551,607.7662377348895,715.602305460636
-12.759754,9.008859999999999,1.08591,4.746254367345794,10.848696253182165,864.0449118670679,516.3739980269077,409.78073264975546,581.9319707633697,689.2937183023973
-14.31542,9.309565999999998,1.3085,3.3272434818132433,11.219672423591721,861.5231686507307,484.0779322820826,374.37795652794546,548.333781122476,656.2374289132928
-15.589839999999999,9.511936,1.50704,1.7830571254840355,11.68196151870021,862.3025349066252,446.7524829007001,335.8962548548229,510.4665595012881,619.4400497394496
-16.7881,9.864666,1.68397,0.8376128916228874,11.987759521010785,862.2363000114252,421.4334934679931,313.4734012743978,487.891821928657,595.9143028195587
-16.94098,10.189592,1.65178,-0.3179148774052863,12.475203620397133,880.5572705070407,388.5614313673468,285.4434597211028,458.77173176792706,562.3800006574553
-16.3037,10.353504,1.41904,-0.3044435950914612,12.618011672270415,876.3278072401666,382.7813591879479,282.6295821420541,460.26715889082766,559.375176279663
-14.702239999999998,10.382651999999998,1.14576,1.3713785355970094,12.338850297994636,841.6830371815955,418.6498249551827,313.66533945456587,499.39593561239593,599.4079792101752
-12.864838,10.280997999999999,0.817718,2.7014549803692063,12.105958926621883,847.4427190470873,445.7232848124392,346.86928878598445,528.9743488177562,626.4408050152539
-10.726211999999999,9.890986,0.489116,4.975874680453173,11.529120626201934,838.7614140110528,502.07805018286786,398.41110064975345,578.8882519709763,682.78727200596
-8.102009999999998,9.2953,0.0653823,7.509398248202024,10.782575569702933,841.1722762100857,564.4014505635184,459.8980604236237,642.3912913438052,743.208921762988
-6.954905999999999,8.89077,-0.00177465,9.490071498182095,10.118175758050846,860.4594756390078,618.4521360911308,512.0554932415974,687.1265951106247,793.4316354290014
-6.256907999999999,8.338218,0.0419449,10.172998282776696,9.69820162203277,913.0343580659606,645.229267973181,537.8795159163312,701.4588397743751,810.7575556084328
-8.05763,7.723757999999999,0.64253,10.251861291485213,9.790449512530497,938.356667138855,650.9849773691394,542.6526581108637,699.6985214834733,800.9957919300529
-9.584064,7.859054,0.950624,9.331873405610057,10.012438069392065,847.0203105682702,620.4577271124507,514.0988720958971,682.6007128037625,789.9267642008604
-11.376973999999999,8.156623999999999,1.25934,7.0754290476090835,10.407286568194278,846.3946791451154,570.6733848593688,463.2286349641465,632.1011380777554,739.9404073539401
-13.805526,8.667918,1.5527,4.787144153448399,10.973208714156796,845.1586668004383,516.6237354048034,409.04701654710465,578.4056532127304,686.7928345131518
-15.65382,9.102856,1.84659,2.593120988809888,11.5259920066422,845.7356206564464,465.29589271171636,356.54441923947206,526.9988215705125,635.9565094857161
-17.180379999999996,9.521792,1.96005,1.202563604695323,11.838011086974372,847.4649438988458,433.47322815405334,323.5852028586271,495.66183583417234,604.6692999518358
-18.117539999999998,9.910893999999999,2.01575,-0.6491900407526807,12.254254687085831,854.2919423033431,390.3285822059375,280.23115027116984,453.5373452571269,563.629869902795
-18.30864,10.237304,1.93913,-2.034433586062924,12.599604068227423,871.5967468566466,356.42023721898784,247.09793812671955,423.9262987441535,530.604479768712
-17.90656,10.473582,1.78514,-2.122608555971233,12.955904148083132,868.067533313664,341.8245865993879,240.45778827931252,419.3767536668171,522.086355043702
-16.998379999999997,10.5707,1.5256,-0.8927138085383012,12.780181682605264,865.5608377983135,369.46982679613393,266.2307850812299,445.4621544910282,547.6097180128122
-15.640939999999999,10.441032,1.36909,0.4185623983583026,12.513979941527419,853.4877815207178,400.5953311169024,293.50183821290386,472.80774768681505,579.8888142680325
-14.12978,10.2067,1.2043,2.397550543735267,11.871654945011784,861.129025397679,449.9984138226542,344.13250576518845,523.2248350386271,626.1958194094811
-13.001057999999999,9.915192,1.12193,3.2604323576679977,11.572658982299583,864.0466448112438,471.79680326394794,367.0245166620084,544.7963343146337,647.2240482407054
-11.95845,9.571716,1.04688,4.020750732796152,11.214265299605131,865.2058320382164,494.33831426130837,387.6534884986309,564.1183699803023,669.0073532157379
-11.125534,9.207548,1.00269,5.074838197657186,10.652784020378096,871.3927048157216,525.136973990356,419.55968568226683,592.7215625966825,699.5607637933027
-10.597062,8.851821999999999,1.01979,5.7777440523636505,10.161369269002991,879.6885370773042,549.6673537223419,442.16627166070157,614.5550952522098,720.8519016066577
-10.442851999999998,8.508723999999999,1.08002,6.024875154268121,9.885296192033115,884.2401715044792,558.9288015525265,454.47500291935506,623.8424999869594,729.618568656014
-10.535153999999999,8.122295999999999,1.16249,6.191546541571737,9.595591397925219,888.4264779030954,568.9405168547534,462.5169533911777,633.1299424636193,736.8802719934981
-10.823175999999998,7.767409999999999,1.18825,5.823330950869327,9.45630963220718,883.7885061691688,564.9423604128588,458.52601614788796,626.8638170960645,734.1179488843777
-10.926034,7.608733999999999,1.16114,5.548608337726801,9.356764959716752,885.0363077083132,561.9434000624242,455.53119860319964,624.1097090373864,729.8546048364549
-11.034562,7.5158439999999995,1.10836,5.401218127146593,9.310380916665354,885.6060418298671,559.6935995785036,454.2841121283941,622.8567312653419,727.095876586993
-11.112752,7.47145,1.05591,5.340839179987802,9.310236937359093,888.3704079509442,559.6935995785036,452.280691817606,621.353162105669,726.0938298524753
-11.461603999999998,7.445843999999999,1.09458,5.2267035791654415,9.204286250196848,881.6403975614837,558.4444365744771,452.0414057879467,621.3574862629158,727.0933538615972
-11.78065,7.4258939999999996,1.16235,4.636518880270427,9.315773666386741,877.6893768276698,542.9344561378468,440.5118800916073,609.324660603478,713.5665244340161
-12.383503999999999,7.386708,1.25724,4.293990688332961,9.354982030761333,879.5144032922667,536.9309764648858,432.48968970083126,602.809213894079,705.5524585463507
-12.793046,7.3886259999999995,1.38266,3.7964803694565266,9.426998521159478,881.2349857313957,527.4234874482008,420.956941851265,590.7812944323957,696.0374592702296
-12.888428,7.427966,1.41003,3.5208372241014003,9.57189106722631,884.4831217827715,517.162598930659,415.67877143380383,584.0109890308195,686.7752102095521
-12.722387999999999,7.471422,1.39518,3.783199441257233,9.591954796475239,880.1467574427206,523.9178629406417,417.42894401849776,586.5142142142175,693.7856767489193
-12.318207999999998,7.520673999999999,1.35405,4.139511339986509,9.493390915952457,877.064546975325,531.9245669513264,425.4592430309582,596.2895386655769,702.0479789056466
-11.916295999999999,7.51849,1.28777,4.8044167501944415,9.401801576415744,877.0587318420506,544.9331616101094,440.50174518933727,611.8289085592837,715.0714867649334
-11.330353999999998,7.4582619999999995,1.21874,5.246879997589128,9.237382666102116,876.7797123340794,557.4429661811521,451.03475257472707,621.3566288224417,728.0957379748074
-10.808112,7.323371999999999,1.16563,5.702271110430351,9.12563599787306,871.3408144257596,567.1985227516586,461.8159495981181,632.1397649045414,739.372787760936
-10.68207,7.167453999999999,1.18998,6.2303039797984825,8.855404650819242,886.111402539905,583.7100168601917,478.3611510062723,647.1889626291247,751.3970561174008
-11.194526,7.012474,1.29747,6.129863594146617,8.79555229251611,883.9932130318483,584.2114427331943,476.8657557131868,644.9328546364302,751.6472945471537
-12.355238,6.891121999999999,1.47498,5.454116195529201,8.867253211498983,866.9372274483992,567.7040783876042,462.34226746543675,631.8949057413051,739.6163848014837
-13.282555999999998,6.890814,1.62531,4.098567425923888,8.997633378629086,854.6233498868776,541.1892193071975,431.7841449120208,604.079550708313,713.3129077541714
-15.01024,7.017387999999999,1.88725,2.422484906599931,9.359536539818123,855.3289070032891,502.4021167149325,393.90702792278387,567.2519108780006,674.5100290365446
-16.4052,7.2678199999999995,2.08998,0.7222680666447449,9.728158755850263,854.6033524661899,463.3406040754769,354.7267026366304,529.1790468550435,636.4776948574273
-17.35398,7.442778,2.23647,-0.28376149321734573,9.965392722298578,861.8195745158579,438.5348549640185,332.8367352609881,507.3799761688275,612.2141582016411
-17.64252,7.526847999999999,2.23792,-1.1345601231119395,10.143361191173685,877.0020038424782,419.981794355147,314.1997310378451,487.3364322972643,592.7057617841859
-17.31814,7.543031999999999,2.17034,-1.256013443290159,10.11047948588654,878.814868975536,415.21634841847435,314.45264975794896,488.34608452241616,589.7058814133704
-16.7531,7.481348,2.07199,-0.29735170012719897,9.807335760790265,856.157090209001,438.7859184063377,334.1064249361916,513.6612501581886,615.467967346255
-15.667679999999999,7.307537999999999,1.88511,0.5872851287923784,9.563566446502174,862.9976265382411,459.08499639529555,357.48473420265395,534.4517644148495,635.229922080475
-14.6867,7.1241379999999985,1.72895,1.5254004581351321,9.273298604654762,853.3176241313528,481.3763894358523,380.8626488050668,556.248259442209,659.4960456503882
-13.290984,6.834309999999999,1.52169,2.6177303862803813,8.936922324259154,852.302592313552,508.1642138650099,406.718239429223,584.8049336015979,685.0186259743788
-12.035184,6.504735999999999,1.3419,4.171867331470779,8.395134581829883,855.5606446132905,550.2025275269476,444.8508403014104,622.1382359383658,724.3188493352066
-11.359334,6.004557999999999,1.3049,5.305328965918014,7.938501786593268,875.5049812977074,582.7221301651114,477.43072446252165,646.9505302360724,753.6193380324282
-11.706617999999999,5.775616,1.44373,5.820397578047823,7.619878517520688,882.3319499623733,599.7293984590749,494.47973821598976,661.7421945893614,767.3983768117724
-12.71081,5.558154,1.65559,5.854183051608086,7.759743739655263,878.6605828125525,597.7285967535144,494.4737757285576,658.2314834564929,764.8991417609425
-14.14994,5.584992,1.92492,4.594720626054038,8.00392723831691,849.2143829754381,569.7179273623865,462.4280090610516,631.1620457663703,739.3465527876481
-17.63944,6.058724,2.56524,0.6210118061147936,8.790461348068845,834.0158710556115,478.38167697590285,371.89122276244257,545.2563260058034,651.9914905240435
-19.43648,6.389390000000001,2.79296,-1.7551647482340513,9.326432960231255,839.4499399970463,424.754189664025,316.06254400868374,490.6592774171396,598.9657172812272
-21.485519999999998,6.7259079999999996,2.99494,-3.1038338047291396,9.690303474369365,845.8661265735489,393.38764738134813,283.5456007516942,458.33481317324447,567.2002870134472
-22.60258,7.111733999999999,3.10796,-4.819584956363736,10.18642563995881,857.8090655790508,352.42503982929645,241.3452591315208,416.95906267893497,525.9216155191798
-23.03532,7.349762,3.08272,-6.0468458221392085,10.504363239637154,866.6594565488128,318.4328225516171,214.22641434073952,392.61771164452875,495.1410408252251
-22.95174,7.462097999999999,2.99368,-6.414965274778515,10.630132424008556,880.800211375917,311.1223668356919,203.8159372181597,381.56651278111826,486.630291223531
-22.370179999999998,7.476825999999999,2.84278,-6.168024317807234,10.773920304426161,870.033629222235,311.3800231598904,205.07322575724217,384.0652209168684,490.13143755356907
-21.59752,7.328369999999999,2.68218,-4.826589636805488,10.350994811575676,864.0090959366955,344.62776705000925,238.53561651695537,417.20202186085646,523.1708760148545
-20.90816,7.237762,2.56971,-4.066909687876857,10.132797143276173,863.7115848908921,363.49165195259496,256.49670988381627,436.51770608554114,540.4351093304936
-19.80146,7.009435999999999,2.43746,-3.2723665972087965,9.868586364802555,860.4955445799413,382.58925658770147,277.712568929482,456.0731336127368,559.9493609528217
-19.12316,6.842219999999999,2.40796,-2.3487494790884296,9.610682916886262,874.1557262512823,405.18541941200573,302.4252463182389,477.37411698387257,579.7107676293317
-18.612019999999998,6.77467,2.39586,-1.7348552870919045,9.478326230009435,869.0566601830204,417.4795228462225,317.79048726275965,491.65331067944055,593.466248420351
-18.47104,6.773871999999999,2.44448,-1.2893898035807063,9.41218384856198,883.2317584894913,429.5177629449813,327.85184816557893,499.91437236684885,601.2196444791678
-18.64772,6.80162,2.59835,-1.2826637207836338,9.458310988512507,881.7187535737802,428.26358690959694,327.5992687452075,498.9101003238279,600.7186218065373
-19.17412,6.870107999999999,2.74407,-1.343461117633086,9.590283371587693,879.8516320056367,424.7523775645491,324.0661686007327,494.1416767180084,597.9659932901016
-20.363,7.016716,2.91425,-2.2951002234359072,9.92029011495341,861.9472337443887,400.41602087368244,296.61072834013623,472.0885778097213,575.9530180712347
-21.23576,7.176385999999999,3.03359,-3.4008018276789187,10.296333616640307,863.0307826171463,374.0479190558213,267.08352563505457,443.00519797769016,549.935825541117
-22.061199999999996,7.392741999999999,3.11446,-4.074133541210829,10.559868525750254,867.4741713015846,356.20120072340603,250.14579625718318,425.69375991726406,531.670108477325
-22.673419999999997,7.731597999999999,3.15506,-4.93511324079937,10.994109448839449,872.7167582521417,331.79469043770047,224.56311273656502,402.8411558287409,506.8919582187839
-22.874039999999997,8.01374,3.10528,-5.351951981412886,11.367916349528839,878.7819819627246,317.94316534240465,209.58083488330797,385.49259193745195,493.119136130969
-22.64164,8.274462,3.00425,-5.312221578261453,11.622463301388867,878.8977916139946,311.3925806643027,207.0196196948095,382.7043098050548,488.356659069894
-22.082479999999997,8.453592,2.91569,-4.956770633321302,11.70008647415252,868.9257167243557,316.18128631186767,210.81103014010907,388.46414728091594,494.610619932928
-21.259,8.524586,2.76937,-4.2980871529721165,11.653027662612951,863.5265147269674,329.5295861911264,223.22906002039142,403.0196198794925,507.1217497774579
-20.268359999999998,8.507142,2.57877,-3.126165904667294,11.462086318134412,863.5521553701526,356.1961259871047,248.0219447507452,428.35234595365415,532.396710258243
-19.1695,8.425452,2.44345,-1.8306693780192624,11.17966379887954,861.9638966034738,386.34329560318844,278.3390916556617,457.1923748769181,561.1682382176833
-17.678919999999998,8.308705999999999,2.28823,-0.513723445002239,10.949924651320874,854.4418713757291,414.19550343717435,307.3312859371203,486.517823814711,590.4364576018089
-16.64642,8.249822,2.20442,0.9386529394557552,10.674968236266853,871.530143499333,448.2911303144193,341.5419761642563,517.0803213397706,620.4590619657824
-16.421439999999997,8.246364,2.26474,1.6543174831625045,10.576873915863347,875.0931896752293,464.0737170226762,358.3820169381055,529.8515792009905,635.7210261398698
-16.65454,8.270206,2.36278,1.883852477766786,10.708221051752929,881.3035905078688,468.3289735970349,359.6174901348747,529.8362227358908,637.220815288452
-17.206979999999998,8.361191999999999,2.48775,1.6275651439812653,10.832508723797522,875.6424760911506,457.05471672157796,355.3400274210186,525.3206394540433,628.7123247978898
-18.17088,8.508332,2.6668,0.7901613421265663,11.087404857648087,867.685077455508,439.01025832226594,331.1994182829769,503.26446213068084,611.1951726016994
-19.06926,8.673601999999999,2.81138,-0.6759537470253596,11.505608578797933,864.2433674911268,403.64980396956116,294.6766430164191,467.91205629004145,577.4161922043759
-19.762259999999998,8.821848,2.88019,-1.3988258011535308,11.753902040254612,863.8028715342239,384.0724899727005,277.00237882007576,450.848721286798,558.9000887234592
-20.56642,9.05261,2.94672,-2.0473343345747312,11.988835726882337,867.7080997073741,369.2521309707722,259.06715409007114,433.53257422764233,542.6328898716541
-20.836199999999998,9.288341999999998,2.9026,-2.661698818087481,12.275696459929824,878.511530657516,351.65722382227,243.36316573728948,417.45349797075164,524.1124255159178
-20.22076,9.436209999999999,2.72671,-2.8642683188183957,12.431729420143974,880.0735546478185,340.58705617461203,238.28291517402198,413.6826966980315,516.8538747938558
-19.3788,9.446205999999998,2.55425,-2.459651029397792,12.4313681547219,862.7380670658524,347.12353287038184,242.82508717659607,422.96477326280325,526.610630501617
-17.900959999999998,9.291716,2.20344,-1.2438950891301312,12.098702831504399,836.8030524645852,372.50552178913216,271.4096123255398,455.5924469478648,556.1367943264595
-15.587179999999998,8.993291999999999,1.89987,0.9319852999613747,11.472942413272929,846.886162828109,429.71958050908415,322.85001300083843,504.9935291154993,607.9360244482602
-13.179082,8.448734,1.5764,3.158280183551818,10.748278682218043,839.0056048990203,487.0966509770002,377.4434150473792,556.393081453534,665.7518403099182
-11.820858,7.901291999999999,1.40237,5.221218137370179,9.903451733776022,848.5472672148488,540.1656186386404,434.69347250915916,613.3174492823413,717.0884684024909
-10.012127999999999,7.094556,1.29054,7.324297683647264,8.744694411808414,862.7155630818655,604.7165604877684,497.3999496286416,671.0255331698168,778.2412552185358
-9.078524,6.3857219999999995,1.27495,8.100860220961938,8.16242437979009,868.2575422470303,631.2321660141395,523.9745191676684,695.6241590168904,803.3216720027262
-8.587572,5.5038339999999994,1.35081,8.900660535007427,7.34547135020975,879.9895975472348,663.2493818228941,556.0560229886609,724.7442448114016,832.4204922204885
-8.594334,4.8308539999999995,1.40659,9.29576457250947,6.7322727564820966,886.5486104500728,683.0090538751117,576.8537214759964,742.3150067725543,850.4808216389429
-8.764308,4.23738,1.46871,9.288423630150508,6.357783494809525,887.88100255242,690.511725842238,584.3754562098899,748.3283361248829,856.9907496233094
-9.024106,3.601668,1.49345,8.878203244940309,5.901821102237162,884.8975206463814,691.7598050133292,584.6402887651909,750.3102237481661,856.4444766867011
-9.195312,3.181906,1.46843,8.42071287545252,5.411580241809736,888.9990035339233,692.5078978414491,586.4071877277947,749.0218927242856,857.1572149997758
-9.292793999999999,2.754066,1.40878,8.274660445186093,5.196635760455694,888.7702672155028,694.257652606258,587.1635722628116,750.265444685983,858.3965152236179
-9.28515,2.4606679999999996,1.34726,8.24777303066316,4.901134400277104,888.2198006087801,699.2582899927509,592.1741890021026,755.0216173093207,863.6531504716745
-9.231264,2.1594019999999996,1.2762,8.201052881183209,4.625596515308493,890.349855169856,704.0088679675309,595.9326019176987,760.0302052622189,867.1495780244675
-9.275378,1.8502119999999997,1.27716,8.200579701792892,4.215310522925402,889.0237121262735,710.259335829672,605.1966894131884,767.5397044248494,874.6649235571479
-9.427222,1.6215499999999998,1.32851,8.081091380868779,4.073912652846473,891.939345662292,711.508861464042,605.4489964710339,767.7830796517644,874.4013012051144
-9.64348,1.2583564,1.39905,7.842044646983952,3.8245789018569587,887.2700221526392,711.7576541149804,604.7028150665957,766.7630215666379,876.3918300412658
-9.960118,1.0291092,1.49841,7.602751421875437,3.575205276839907,889.5917471018995,711.5063943233401,605.4571206544076,767.7514378113963,875.3677770175439
-10.176879999999999,0.8596994,1.58666,7.3234622070453765,3.4133208414992806,889.6426084554035,709.7551697783886,602.7085478162735,765.9844166274629,872.5913379178849
-10.565897999999999,0.7366912,1.68959,7.130505665123295,3.34580830385534,887.5554597156472,706.2540898721827,601.2094561085063,763.9723000458572,870.0738291389792
-10.936323999999999,0.709478,1.75329,6.7374903518924345,3.3252913209651047,889.9193170265806,699.2526001528809,594.2069604245098,756.6910982658901,863.2891209244638
-11.190592,0.7156184,1.80164,6.484128018974527,3.3184020617986394,889.2156997807141,695.751932876731,588.7048505816246,751.1718734291867,859.2700293131431
-11.3288,0.6894089999999999,1.81836,6.317322804703681,3.2913455039693327,886.5215826495267,692.5014437203262,586.454563330869,748.160502994988,857.259715215881
-11.120396,0.608818,1.74792,6.297250524777248,3.271124718245125,891.8948733392896,692.2514356059141,587.2055120882352,749.4130067588135,855.501476672172
-10.793916,0.47506619999999994,1.65996,6.497342408919015,3.055623856866587,889.0824774528577,699.0019283813099,594.9608879906799,758.1839165209569,863.2718820721625
-10.244247999999999,0.2716014,1.51175,6.743943331930098,2.8804431591324713,884.9389704032889,706.5028794129739,602.4662172657681,765.7025427208051,872.3044705119476
-9.779125999999998,0.05004019999999999,1.44637,7.382710415032878,2.4153067338868963,883.6551940095392,728.0072927941465,621.9781564806241,785.5074393125144,894.1414116975748
-9.641435999999999,-0.3412696,1.45787,7.727886803625642,1.9092872098716176,894.3958660032005,745.0120564325018,638.987662479763,802.0536897834573,907.1841604592205
-9.718226,-0.8204377999999999,1.53753,7.5949927394073695,1.6390638325212545,889.3716267239212,746.7616577364154,641.740001819609,802.7886898103437,911.9444959864315
-10.121706,-1.3244406,1.62784,7.275841514111919,1.206682485160721,889.7407205231752,749.7614780546036,642.742195476813,805.2717029683236,913.423803809776
-10.784592,-1.988014,1.77117,6.763234450702355,0.7606909721417355,884.0946183989835,747.5096516429453,641.4937342982561,804.4893243885896,912.1401986044109
-11.458748,-2.249856,1.88767,6.042767602369955,0.4836566876988957,881.9555579735674,737.2564729050787,634.2434685452531,797.9480445049036,902.5738997376932
-12.190206,-2.565598,2.01291,5.213591620816303,0.29443534572640395,876.6226382301583,725.5045465386814,621.4929007840171,784.64714843699,892.2680527229916
-13.028357999999999,-2.718562,2.09833,4.429433063627289,0.18636529141694685,883.8717781810849,714.2535428577914,609.2424322348102,771.8602030340778,877.9593368089913
-13.394318,-2.813258,2.15069,3.8722724397606876,0.15935171775721366,888.9956672427946,703.7529494738283,600.7413527165872,762.0876716720015,867.1728270136098
-12.582528,-3.0785159999999996,1.8805,3.9260008222888922,-0.05680350585953616,889.0210561606319,710.003841418709,603.9928591138612,766.8408439422884,872.9352028287905
-11.236343999999999,-3.351306,1.67745,4.925661907729265,-0.4081185689948354,866.3810086114337,733.7575137766341,626.7464655095819,794.3935179759701,899.5263215700713
-10.257688,-3.5875,1.45136,5.956102067843799,-0.74602441862981,866.9000682299954,759.2655218874216,652.2487530539843,818.4567797658049,926.6460548389912
-8.825809999999999,-4.007318,1.24343,7.475658179432086,-1.307075580380382,865.7954654051962,798.5409031035538,690.5042335551702,857.3484434138841,966.1274355125886
-7.186773999999999,-4.540045999999999,1.09019,9.052627603765217,-2.0372779092193016,868.6323717601236,842.0961487620966,734.0200084321061,901.0675750774705,1008.9713488380963
